row_id,Name_norm,City_norm,Street_norm,Email_norm,Zip_norm,Phone_norm,email_user,phone_last4,entity_id
1,allison hill,new roberttown,donald cove 164,allison.hill@example.com,12781,0104332181,allison.hill,2181,ent_b6589fc6ab0d
2,jonathan johnson,robinsonshire,jennifer squares 9,jonathan.johnson@example.com,36964,0013389083,jonathan.johnson,9083,ent_356a192b7913
3,abigail shaffer,port matthew,peterson drives 180,abigail.shaffer@example.com,12657,0863794026,abigail.shaffer,4026,ent_da4b9237bacc
4,ian cooper,herrerafurt,roman stream 40,ian.cooper@example.com,10829,0351161559,ian.cooper,1559,ent_f574ec2b69d7
5,ian cooper,herrerafurt,roman stream 40,in.cooper@example.co,10829,0351161559,in.cooper,1559,ent_f574ec2b69d7
6,sandra montgomery,north donnaport,ray squares 75,sandra.montgomery@example.com,10959,0131647525,sandra.montgomery,7525,ent_ac3478d69a3c
7,sharon james,west michael,reid lakes 172,sharon.james@example.com,88342,0419283276,sharon.james,3276,ent_2ad461058384
8,sharon james,west michael,seid lakes 172,sharon.jame@example.com,88342,0419283276,sharon.jame,3276,ent_2ad461058384
9,timothy wong,south noah,amanda gardens 102,timothy.wong@example.com,84387,0724238849,timothy.wong,8849,ent_fe5dbbcea5ce
10,colleen nguyen,richardland,jeremy bypass 150,colleen.nguyen@example.com,28154,0653287101,colleen.nguyen,7101,ent_b9cbead613f0
11,collee nnguyen,richardland,jeremy bypass 150,colleen.nguyen@example.co,28154,0653217101,colleen.nguyen,7101,ent_b9cbead613f0
12,latoya robbins,thomasberg,diana locks 76,latoya.robbins@example.com,32826,0627048281,latoya.robbins,8281,ent_17ba0791499d
13,kimberly burgess,jeffreyberg,hurst locks 77,kimberly.burgess@example.com,67285,0893252880,kimberly.burgess,2880,ent_7b52009b64fd
14,peter callahan jr,south patrickmouth,laura manors 126,peter.callahan.jr.@example.com,69853,0015430391,peter.callahan.jr.,0391,ent_760ada105c71
15,peter callahan jr,south patrickmouth,laura maonrs 126,peter.callahan.jr.@example.com,69853,0015430391,peter.callahan.jr.,0391,ent_760ada105c71
16,peter calalhan jr,south patrickmouth,laura manors 126,peter.callahan.jr.@example.com,69853,0015430391,peter.callahan.jr.,0391,ent_760ada105c71
17,juan dunlap,kaylamouth,erin plain 17,juan.dunlap@example.com,15122,0509839301,juan.dunlap,9301,ent_1574bddb75c7
18,christopher smith,new rita,stanton track 16,christopher.smith@example.com,82460,0310518347,christopher.smith,8347,ent_9e7dd4fe59db
19,christopher smith,new rita,satnton track 16,christopher.smith@example.com,82460,0310518347,christopher.smith,8347,ent_9e7dd4fe59db
20,mark lynch,new mariotown,nathaniel estates 187,mark.lynch@example.com,15163,0010651333,mark.lynch,1333,ent_b3f0c7f6bb76
21,sherry decker,north jessicaland,allen garden 36,sherry.decker@example.com,70323,0624731781,sherry.decker,1781,ent_91032ad7bbcb
22,sherry decker,oorth jessicaland,allen gbrden 36,sherrydecker@example.com,70323,0624731281,sherrydecker,1281,ent_472b07b9fcf2
23,betty alvarez,brandtside,joseph well 56,betty.alvarez@example.com,99495,0098050097,betty.alvarez,0097,ent_12c6fc06c99a
24,christina collins,martinezbury,kim path 136,christina.collins@example.com,8893,0208121913,christina.collins,1913,ent_d435a6cdd786
25,kevin hall,east carloston,adrian station 146,kevin.hall@example.com,43810,0399091699,kevin.hall,1699,ent_4d134bc07221
26,david caldwell,sanchezfort,amber stream 67,david.caldwell@example.com,53855,0353462475,david.caldwell,2475,ent_f6e1126cedeb
27,brent jordan,lake deniseville,jenkins way 19,brent.jordan@example.com,8445,0079911838,brent.jordan,1838,ent_8eb065776d51
28,brent jordan,lake deniseville,jenkins way 19,brent.jordan@example.com,8445,0079911838,brent.jordan,1838,ent_8eb065776d51
29,bent jordan,lake deniseville,jenkns way 19,brent.jordan@example.com,8445,0079911838,brent.jordan,1838,ent_8eb065776d51
30,gerald hensley,taylorburgh,james plain 68,gerald.hensley@example.com,37010,0874016400,gerald.hensley,6400,ent_7719a1c782a1
31,shannon jones,north sarabury,brent plains 34,shannon.jones@example.com,22299,0427868011,shannon.jones,8011,ent_22d200f8670d
32,john hancock,bakermouth,franklin alley 177,john.hancock@example.com,37889,0280598262,john.hancock,8262,ent_16a059ceb722
33,john hancock,bakermouth,frankli alley 177,john.hancock@example.com,37889,0220598262,john.hancock,8262,ent_16a059ceb722
34,john hancoc,bakermouth,franklin alley 177,john.hancock@example.com,37889,0280598262,john.hancock,8262,ent_16a059ceb722
35,tyler cowan,north beth,moore hill 180,tyler.cowan@example.com,71567,0160733754,tyler.cowan,3754,ent_f1f836cb4ea6
36,erik williams,north susan,shaw walk 59,erik.williams@example.com,11001,0303654145,erik.williams,4145,ent_972a67c48192
37,andrea jones,new brooke,richard port 103,andrea.jones@example.com,81684,0850142940,andrea.jones,2940,ent_1e4ca479bf0e
38,andreb jones,new brooke,richare port 103,andrea.jone@example.com,81684,0850142940,andrea.jone,2940,ent_1e4ca479bf0e
39,andrea jons,new brooke,richard port 130,andrea.jones@example.com,81684,0850142940,andrea.jones,2940,ent_1e4ca479bf0e
40,matthew cunningham,johnfurt,donovan ford 104,matthew.cunningham@example.com,17655,0482366299,matthew.cunningham,6299,ent_ca3512f4dfa9
41,elizabeth stewart,north amandahaven,albert road 141,elizabeth.stewart@example.com,35261,0044369957,elizabeth.stewart,9957,ent_af3e133428b9
42,gregory jones,bassport,mike estate 173,gregory.jones@example.com,80674,0387214895,gregory.jones,4895,ent_0478d695a4f1
43,rgeory jones,bassport,mike esuate 173,gregory.jons@example.com,80674,0387214895,gregory.jons,4895,ent_0478d695a4f1
44,dr kendra contreras,west darrell,huynh cove 63,dr.kendra.contreras@example.com,14530,0201632870,dr.kendra.contreras,2870,ent_0286dd552c9b
45,brittney campbell,williamview,jennifer ford 32,brittney.campbell@example.com,7159,0727889579,brittney.campbell,9579,ent_98fbc42faedc
46,jeff hill,evanmouth,matthew curve 130,jeff.hill@example.com,72810,0687277434,jeff.hill,7434,ent_fb644351560d
47,kristina rodriguez,brandiberg,amy village 134,kristina.rodriguez@example.com,56834,0734714345,kristina.rodriguez,4345,ent_fe2ef495a115
48,eric nolan,lake curtis,rachel fords 139,eric.nolan@example.com,73886,0122362316,eric.nolan,2316,ent_827bfc458708
49,jennifer oliver,port lisa,sara freeway 139,jennifer.oliver@example.com,54541,0760366909,jennifer.oliver,6909,ent_64e095fe763f
50,norman cook,west erik,pham way 2,norman.cook@example.com,92418,0546688937,norman.cook,8937,ent_0f1ec283362f
51,norman cook,west erik,pham way 2,norman.cook@example.com,92418,0546688937,norman.cook,8937,ent_0f1ec283362f
52,normna ook,west erik,pham ay 2,norman.cook@example.com,92418,0546188937,norman.cook,8937,ent_0f1ec283362f
53,shane garrison,kevinbury,james mount 121,shane.garrison@example.com,29720,0080531003,shane.garrison,1003,ent_1b8aead95ace
54,shane grrison,kevinbury,james mount121,shane.garrison@example.com,29720,0280131003,shane.garrison,1003,ent_1b8aead95ace
55,corey murphy,darlenefurt,tammy harbors 149,corey.murphy@example.com,89566,0049663193,corey.murphy,3193,ent_9a147dea8803
56,corey murhpy,darlenefurt,tammy harbors 149,corey.murphy@example.com,89566,0049663193,corey.murphy,3193,ent_9a147dea8803
57,coreym urphy,darlenefurt,tammy harbors 149,corey.murphy@example.co,89566,0049669793,corey.murphy,9793,ent_9a147dea8803
58,ms teresa wilson,north candacestad,white greens 69,ms.teresa.wilson@example.com,95992,0531473799,ms.teresa.wilson,3799,ent_9109c85a45b7
59,jessica joyce,west bradley,paul ports 87,jessica.joyce@example.com,57655,0075273545,jessica.joyce,3545,ent_31ecb02a7e15
60,jesisca joyce,west bradley,paul ports 87,jessica.joyce@example.com,57655,0075273545,jessica.joyce,3545,ent_31ecb02a7e15
61,jesica joyce,west bradley,paul ports 87,jessica.joyce@example.com,57655,0075273545,jessica.joyce,3545,ent_31ecb02a7e15
62,timothy ryan,cindyville,michael cliff 70,timothy.ryan@example.com,94840,0443135182,timothy.ryan,5182,ent_79554d71590d
63,timothy rzan,cindyville,miciael cliff 70,timothy.ryan@example.com,94840,0443135182,timothy.ryan,5182,ent_79554d71590d
64,uimothy ryan,cindyville,ichael cliff 70,timothy.ryan@example.com,94840,0443135182,timothy.ryan,5182,ent_79554d71590d
65,katie estrada,east robert,powell hill 14,katie.estrada@example.com,50196,0471167190,katie.estrada,7190,ent_f5e605d18ed1
66,katje estrad,east robert,powell hill 14,katie.estada@example.com,50196,0471167190,katie.estada,7190,ent_f5e605d18ed1
67,katie estrada,east robert,powll hill 14,katie.estrada@example.com,50196,0471167190,katie.estrada,7190,ent_f5e605d18ed1
68,stephanie gilbert,west justinchester,sullivan village 41,stephanie.gilbert@example.com,76520,0067974034,stephanie.gilbert,4034,ent_4d89d294cd4c
69,erica ramos,lake christopher,william underpass 180,erica.ramos@example.com,68062,0713493618,erica.ramos,3618,ent_893cbe196e82
70,ercia ramos,lake christopher,william underpass 180,erica.ramos@example.com,68062,0713493618,erica.ramos,3618,ent_893cbe196e82
71,lisa davis,east andrew,emily fork 139,lisa.davis@example.com,32593,0771906594,lisa.davis,6594,ent_8e80bf7e19cb
72,lisa davis,east andrew,emily fork 139,lisa.davis@example.com,32593,0771906574,lisa.davis,6574,ent_8e80bf7e19cb
73,miss patricia gibson,rossberg,jennifer lights 72,miss.patricia.gibson@example.com,86491,0296717565,miss.patricia.gibson,7565,ent_c097638f92de
74,stephanie dalton,port susan,kimberly forges 27,stephanie.dalton@example.com,68390,0256746807,stephanie.dalton,6807,ent_8421ef38470f
75,stephanie damton,port susan,kimberly forges 72,stephanie.dalton@example.com,68390,0256746807,stephanie.dalton,6807,ent_8421ef38470f
76,stephanie dalton,port susan,kimberl forges 27,stephanie.dalton@example.com,68390,0256746807,stephanie.dalton,6807,ent_8421ef38470f
77,justin lowery,contrerasside,stephen unions 58,justin.lowery@example.com,78548,0171274846,justin.lowery,4846,ent_d54ad009d179
78,pedro ramos,merrittfort,rivas plaza 121,pedro.ramos@example.com,59492,0378263982,pedro.ramos,3982,ent_d321d6f7ccf9
79,david walsh,jonesport,sims harbor 71,david.walsh@example.com,31236,0658404499,david.walsh,4499,ent_eb4ac3033e8a
80,francisco fernandez,lake jason,edward lights 126,francisco.fernandez@example.com,54878,0278755886,francisco.fernandez,5886,ent_b74f5ee94614
81,joshua perry,port nicoleshire,marissa loaf 83,joshua.perry@example.com,50358,0339636057,joshua.perry,6057,ent_b888b29826bb
82,tommy evans,medinaside,castaneda village 98,tommy.evans@example.com,79570,0627028951,tommy.evans,8951,ent_1d513c0bcbe3
83,katherine nelson,ramseymouth,johnson junction 113,katherine.nelson@example.com,17229,0187026217,katherine.nelson,6217,ent_76546f9a641e
84,ms susan vargas,port steven,christopher meadow 68,ms.susan.vargas@example.com,7091,0596158657,ms.susan.vargas,8657,ent_7d7116e23efe
85,garrett gibson,karenchester,juarez light 10,garrett.gibson@example.com,33566,0913431611,garrett.gibson,1611,ent_be461a0cd1fd
86,julie curry,lake casey,zoe keys 178,julie.curry@example.com,85927,0400504556,julie.curry,4556,ent_31c595351506
87,jluie curry,lake casey,zoe keys 178,julie.curry@example.com,85927,0400504556,julie.curry,4556,ent_31c595351506
88,julie curry,lake casey,zoe keys 178,julie.curry@example.com,85927,0400704556,julie.curry,4556,ent_31c595351506
89,andre wright,south elizabeth,christine garden 78,andre.wright@example.com,74421,0367136959,andre.wright,6959,ent_c2df997783b9
90,andre wrigti,south elizabeth,christine garden 78,andre.wright@example.com,74421,0367136959,andre.wright,6959,ent_c2df997783b9
91,ande wright,south elizabeth,christine garden 78,andre.wright@example.com,74421,4367136059,andre.wright,6059,ent_c2df997783b9
92,julie scott,port loriport,jackson rest 149,julie.scott@example.com,14669,0521456232,julie.scott,6232,ent_4cd66dfabbd9
93,tanya johnston,north brittany,sanders stravenue 94,tanya.johnston@example.com,82714,0884247451,tanya.johnston,7451,ent_8ee51caaa2c2
94,michael turner,west amandastad,laura port 20,michael.turner@example.com,9539,0236851604,michael.turner,1604,ent_08a35293e09f
95,gloria atkinson,zimmermanchester,garcia lake 117,gloria.atkinson@example.com,23587,0549651370,gloria.atkinson,1370,ent_215bb47da8fa
96,tracie nelson,marcusbury,marshall views 144,tracie.nelson@example.com,11860,0593174612,tracie.nelson,4612,ent_b098dbd4374c
97,traie oelson,marcusbury,marshall views 144,tracie.nelson@example.com,11860,0593174612,tracie.nelson,4612,ent_b098dbd4374c
98,jerry christensen,hunterborough,rogers park 187,jerry.christensen@example.com,47008,0261796405,jerry.christensen,6405,ent_f31101091915
99,jerry chrisetnsen,hunterborough,rogers park 187,jerry.christensen@example.com,47008,0261796405,jerry.christensen,6405,ent_f31101091915
100,jerry christensen,hunterborough,rogers park 817,jerry.christensen@example.co,47008,0263796405,jerry.christensen,6405,ent_f31101091915
101,gina beard,north john,peters path 85,gina.beard@example.com,53772,0290422842,gina.beard,2842,ent_fa1507ba8e88
102,gina ecard,north john,petess path85,gina.beard@example.com,53772,0290422842,gina.beard,2842,ent_fa1507ba8e88
103,peter vaughn dds,west jeffreybury,west brook 93,peter.vaughn.dds@example.com,40636,0891783908,peter.vaughn.dds,3908,ent_c8306ae139ac
104,jackie tran,michaelmouth,coleman summit 165,jackie.tran@example.com,36010,0007661771,jackie.tran,1771,ent_934385f53d1b
105,david griffith,east javier,wilson plain 83,david.griffith@example.com,63965,0921249985,david.griffith,9985,ent_78a8efcbaaa1
106,kevin wolf,west jeremy,hooper village 153,kevin.wolf@example.com,24020,0847896118,kevin.wolf,6118,ent_e114c448f4ab
107,michael martinez,heidiberg,terri plaza 56,michael.martinez@example.com,84107,0673657661,michael.martinez,7661,ent_7224f997fc14
108,katherine salas,jackton,harrison mill 81,katherine.salas@example.com,33593,0452711116,katherine.salas,1116,ent_4f6d1aa145d5
109,katherine salas,jackton,harriosn mill 81,katherine.sala@example.com,33593,0952511116,katherine.sala,1116,ent_4f6d1aa145d5
110,ktaherie salas,jackton,harrsion mill 81,katherine.salas@example.com,33593,0452711104,katherine.salas,1104,ent_4f6d1aa145d5
111,karen short,east edwardshire,vasquez ports 8,karen.short@example.com,40325,0244550229,karen.short,0229,ent_5e796e48332a
112,david grant,port alexandra,obrien turnpike 18,david.grant@example.com,59550,0201836675,david.grant,6675,ent_42af445e7ef4
113,david grant,port alexandra,orien turnpike 18,david.grant@example.com,59550,0201836675,david.grant,6675,ent_42af445e7ef4
114,david grant,port alexandra,obrien turnpile18,david.grant@example.com,59550,0201836675,david.grant,6675,ent_42af445e7ef4
115,elizabeth chapman,new susanville,torres river 2,elizabeth.chapman@example.com,27736,0343244510,elizabeth.chapman,4510,ent_ecb7937db58e
116,deborah miller,north ricky,glenn club 111,deborah.miller@example.com,90858,0226838851,deborah.miller,8851,ent_efa6e44dfa01
117,doris hall,lake jesusview,warner motorway 190,doris.hall@example.com,82428,0060715969,doris.hall,5969,ent_683e725c03a8
118,regina gonzalez,west margaret,amy rue 164,regina.gonzalez@example.com,9860,0641605297,regina.gonzalez,5297,ent_d0e2dbb0bac1
119,ricky larson,hollyview,gonzales mountain 93,ricky.larson@example.com,66098,0161369681,ricky.larson,9681,ent_12f0de3dc76e
120,jessica george,anthonybury,navarro rapids 80,jessica.george@example.com,88882,0535218188,jessica.george,8188,ent_24b3922f32b8
121,jessica george,anthonybury,nabvrr rapids 80,jessica.george@example.com,88882,0535218188,jessica.george,8188,ent_24b3922f32b8
122,jessica george,anthonybury,navarro rapids 80,jessica.george@example.com,88882,0535218188,jessica.george,8188,ent_24b3922f32b8
123,laura sampson,south april,johnston track 161,laura.sampson@example.com,58464,0527177449,laura.sampson,7449,ent_aac3f8935dd7
124,laurasbmpson,south april,joinston track 161,laura.sampson@example.com,58464,0527177449,laura.sampson,7449,ent_aac3f8935dd7
125,catherine richards,rickymouth,costa mountains 116,catherine.richards@example.com,88336,0935978207,catherine.richards,8207,ent_769539ba9b64
126,catheine richadrs,rickymouth,costa mountains 116,catherine.ichards@example.com,88336,0935978207,catherine.ichards,8207,ent_769539ba9b64
127,catherine richards,rickymouth,costa mountains 116,catherine.richards@example.co,88336,0935978207,catherine.richards,8207,ent_769539ba9b64
128,christopher jenkins,south christopherview,roberts locks 170,christopher.jenkins@example.com,42873,0254629148,christopher.jenkins,9148,ent_008451a05e1e
129,raymond hancock,gutierrezborough,diane plains 85,raymond.hancock@example.com,68453,0281685054,raymond.hancock,5054,ent_2e8fae23b8bd
130,ramyond hancpck,gutierrezborough,dianf plains8 5,raymond.hacock@example.com,68453,0281685054,raymond.hacock,5054,ent_2e8fae23b8bd
131,peter garrett,west samuel,james plaza 153,peter.garrett@example.com,92022,0622292706,peter.garrett,2706,ent_2a7541babb57
132,mr mark lloyd,davisville,lance bridge 185,mr.mark.lloyd@example.com,60983,0379473834,mr.mark.lloyd,3834,ent_e794a80eb109
133,maria moore,davenportfort,hicks groves 121,maria.moore@example.com,32447,0359774688,maria.moore,4688,ent_91dfde1d6e00
134,charles lee,morganhaven,michelle harbor 42,charles.lee@example.com,35519,0392407581,charles.lee,7581,ent_d30f79cf7fef
135,diane evans,reedside,grimes mission 133,diane.evans@example.com,71729,0141247826,diane.evans,7826,ent_cc74aad8eccc
136,diane evans,reedside,grimes mission 133,diane.evans@example.com,71729,0141247826,diane.evans,7826,ent_cc74aad8eccc
137,timothy kane,williamsfort,ashley fort 82,timothy.kane@example.com,92936,0152204727,timothy.kane,4727,ent_9e071a3a594a
138,jane mcneil,new tammy,tyler camp 2,jane.mcneil@example.com,44016,0104328986,jane.mcneil,8986,ent_a535bc2864d2
139,jbne mneil,new tammy,tyler cmp 2,jane.mcneil@example.com,44016,0104328986,jane.mcneil,8986,ent_a535bc2864d2
140,jane denil,new tammy,tylercam p2,ane.mcneil@example.com,44016,0104328986,ane.mcneil,8986,ent_a535bc2864d2
141,shelly alexander,pittsberg,smith divide 163,shelly.alexander@example.com,10308,0654051531,shelly.alexander,1531,ent_c28aca23f1ef
142,wayne morgan,melissaside,santos walk 189,wayne.morgan@example.com,50309,0520585277,wayne.morgan,5277,ent_c9ca44276565
143,lori clay,east crystalport,brennan camp 35,lori.clay@example.com,30318,0170430305,lori.clay,0305,ent_2a2b47bf21a3
144,jessica garcia,rebeccaton,scott square 132,jessica.garcia@example.com,43017,0687403450,jessica.garcia,3450,ent_f47aea8bdcbd
145,elaine brooks,east gregory,john loop 85,elaine.brooks@example.com,80388,0415667652,elaine.brooks,7652,ent_7320828c9153
146,lisa allen,stevetown,jesse route 128,lisa.allen@example.com,61482,0584161692,lisa.allen,1692,ent_50336bc687eb
147,megan moore,daniellechester,landry radial 83,megan.moore@example.com,90981,0115447962,megan.moore,7962,ent_3fcfb99ec010
148,ryan gonzalez,south ashley,castaneda coves 90,ryan.gonzalez@example.com,75842,0705964016,ryan.gonzalez,4016,ent_b3c0730cf3f5
149,michael johnson,new julieport,hill port 192,michael.johnson@example.com,30663,0202970213,michael.johnson,0213,ent_536fb6934062
150,heather fields,lake colton,byrd stravenue 94,heather.fields@example.com,82743,0569092755,heather.fields,2755,ent_39dfc9ffd325
151,ellen alexander,markchester,oconnor course 20,ellen.alexander@example.com,23522,0928565431,ellen.alexander,5431,ent_93d7ea59d4af
152,ellen alexander,markchester,oconnor duorse 20,elen.alexander@example.com,23522,0928565431,elen.alexander,5431,ent_93d7ea59d4af
153,richard walter,west robin,schmidt groves 183,richard.walter@example.com,63657,0715518844,richard.walter,8844,ent_ac2646028f5b
154,elizabeth harrell,port tammy,taylor club 183,elizabeth.harrell@example.com,89148,0258313237,elizabeth.harrell,3237,ent_2332fa9dec0d
155,elziabeth harrell,port tammy,taylor club 183,elizabeth.harrell@example.co,89148,0758313837,elizabeth.harrell,3837,ent_2332fa9dec0d
156,eilzaceth harrell,port tammy,taylor club 183,elizabeth.harrel@example.com,89148,0258313237,elizabeth.harrel,3237,ent_2332fa9dec0d
157,veronica coffey,west amandamouth,davis locks 71,veronica.coffey@example.com,48812,0249818299,veronica.coffey,8299,ent_c7812d4cae0c
158,veronica coffey,west amandamouth,eavis locks 71,veronica.coffey@example.com,48812,0249818299,veronica.coffey,8299,ent_c7812d4cae0c
159,veronica coffe,west amandamouth,davit locks 71,veronica.coffey@example.com,48812,0249818299,veronica.coffey,8299,ent_c7812d4cae0c
160,megan richards,johnsonside,rodriguez fort 16,megan.richards@example.com,43493,0276773592,megan.richards,3592,ent_6b6277afcb65
161,connie brown,wilsonton,blankenship hollow 184,connie.brown@example.com,5378,0556258815,connie.brown,8815,ent_62f98b09cdae
162,onoie brown,wilsonton,blankneship hollow 184,connie.brown@example.co,5378,0556258815,connie.brown,8815,ent_62f98b09cdae
163,johnathan davis,matthewsberg,paul land 132,johnathan.davis@example.com,54880,0774701687,johnathan.davis,1687,ent_ae1e7198bc30
164,sandra gilbert,south sean,johnson land 56,sandra.gilbert@example.com,31448,0950047974,sandra.gilbert,7974,ent_fd93751649ac
165,ariana jennings,north stacy,brown harbor 28,ariana.jennings@example.com,60101,0624565060,ariana.jennings,5060,ent_a929eb33e338
166,daniel fowler,east kristin,brent isle 50,daniel.fowler@example.com,27397,0584168784,daniel.fowler,8784,ent_74cbd2c215c2
167,phillip clark,kimtown,lisa fort 160,phillip.clark@example.com,36843,0912165585,phillip.clark,5585,ent_69e56976fc9b
168,brianna anderson,east alexisbury,lindsey creek 51,brianna.anderson@example.com,77683,0986800025,brianna.anderson,0025,ent_708a77db476d
169,christopher williams,south shanestad,fox summit 133,christopher.williams@example.com,67772,0729825952,christopher.williams,5952,ent_f76b2ea6b45e
170,jodi walker,stephentown,jessica way 158,jodi.walker@example.com,8473,0495888794,jodi.walker,8794,ent_2659fc519890
171,dr jessica rodriguez dds,charleneland,jones common 5,dr.jessica.rodriguez.dds@example.com,17041,0551694097,dr.jessica.rodriguez.dds,4097,ent_33796d173846
172,dr jessica rodrigue zdds,charleneland,jones common 5,dr.jessica.rodriguez.dds@example.com,17041,0551694097,dr.jessica.rodriguez.dds,4097,ent_33796d173846
173,mark kelley,shawnchester,james ranch 180,mark.kelley@example.com,13500,0130756263,mark.kelley,6263,ent_c1aa04bf421e
174,ashley pena,morganmouth,russell forks 199,ashley.pena@example.com,52763,0970283857,ashley.pena,3857,ent_572e20738130
175,brandon simmons,jonesland,brooks drives 81,brandon.simmons@example.com,12720,0278585497,brandon.simmons,5497,ent_0db432ef6277
176,branon simmons,jonesland,brooks drives 81,brandon.simmons@example.com,12720,0978485497,brandon.simmons,5497,ent_0db432ef6277
177,patrick watson,elizabethchester,angela radial 174,patrick.watson@example.com,46847,0866524041,patrick.watson,4041,ent_5c8f5ac0b7ad
178,teresa henderson,michaelshire,tanya rapid 114,teresa.henderson@example.com,67008,0473384842,teresa.henderson,4842,ent_e03ce10acc98
179,teresai enderson,michaelshise,tanya rbipd 14,teresa.henderson@example.com,67008,0473384842,teresa.henderson,4842,ent_e03ce10acc98
180,matthew walker,dannyview,michael point 74,matthew.walker@example.com,75749,0540193802,matthew.walker,3802,ent_9e44d2771c05
181,jeffrey hoffman,anthonyview,chelsea shoals 46,jeffrey.hoffman@example.com,92605,0067240049,jeffrey.hoffman,0049,ent_ec7f1f650671
182,tammy bell,jonestown,molly port 86,tammy.bell@example.com,12527,0478872874,tammy.bell,2874,ent_962a69b37a83
183,tammy bfll,jonestown,molly port 86,tammy.bell@example.com,12527,0478878874,tammy.bell,8874,ent_962a69b37a83
184,cindy barnes,kimberlyshire,moore inlet 84,cindy.barnes@example.com,78649,0161227530,cindy.barnes,7530,ent_7b156b9295be
185,cindy barnes,kimberlyshire,moore inlet 84,cindy.barnes@example.com,78649,0161227530,cindy.barnes,7530,ent_7b156b9295be
186,anthony moore,stanleyfort,emily groves 120,anthony.moore@example.com,80071,0426841459,anthony.moore,1459,ent_38651620e1f5
187,anthony moore,stanleyfort,emily groves 120,anthony.moore@example.com,80071,0426841459,anthony.moore,1459,ent_38651620e1f5
188,donald fischer,erikashire,michael creek 153,donald.fischer@example.com,64284,0187851910,donald.fischer,1910,ent_f67462663a51
189,elizabeth walker,port derrick,adrian hollow 130,elizabeth.walker@example.com,33992,0398225871,elizabeth.walker,5871,ent_acf1fffc01dc
190,bryan jimenez,new angelica,thompson light 184,bryan.jimenez@example.com,88063,0971870728,bryan.jimenez,0728,ent_e54183e2a040
191,andrea hensley,port lawrencechester,ryan mount 145,andrea.hensley@example.com,75657,0087406403,andrea.hensley,6403,ent_3a2dc677d8e8
192,mark roberts,port stacey,smith islands 12,mark.roberts@example.com,60806,0651801704,mark.roberts,1704,ent_2fcc820fc1d9
193,tamara davis,warrenfurt,john radial 197,tamara.davis@example.com,41169,0265676618,tamara.davis,6618,ent_3e56b3e010a9
194,tamraa dbvis,warrenfurt,john radial 197,tamaradavis@example.com,41169,0265676618,tamaradavis,6618,ent_3e56b3e010a9
195,tamasa davi,warrenfurt,john radiam 197,tamara.davis@example.com,41169,0265676618,tamara.davis,6618,ent_3e56b3e010a9
196,connie maxwell,port michael,william crescent 26,connie.maxwell@example.com,95840,0907903067,connie.maxwell,3067,ent_3eed4fe70cac
197,connei maxwell,port michael,william crescent 26,connie.maxwell@example.com,95840,0907903067,connie.maxwell,3067,ent_3eed4fe70cac
198,maria hernandez,new eric,dwayne flat 37,maria.hernandez@example.com,86419,0836440892,maria.hernandez,0892,ent_61188f243968
199,trevor burton,maldonadoshire,webster trace 110,trevor.burton@example.com,84779,0870568566,trevor.burton,8566,ent_44885e743112
200,trevor bvrton,maldonadoshire,websuer trace 110,trvor.burton@example.com,84779,0870568566,trvor.burton,8566,ent_44885e743112
201,tsevor burton,maldonadoshire,webstes trac 110,trevor.burto@example.com,84779,0870568566,trevor.burto,8566,ent_44885e743112
202,lori lin,ramosport,hernandez cliff 56,lori.lin@example.com,36503,0735403317,lori.lin,3317,ent_7f03f3f2febc
203,heather jones,marieland,hayes centers 179,heather.jones@example.com,84998,0936385467,heather.jones,5467,ent_1e7b95c56146
204,savannah gilbert,south reginashire,ford plaza 92,savannah.gilbert@example.com,85938,0445877175,savannah.gilbert,7175,ent_a165fbd61c27
205,larry mason,toniland,shannon valleys 95,larry.mason@example.com,66633,0560932048,larry.mason,2048,ent_1cc641954099
206,amanda zimmerman,west nathan,warren ridge 149,amanda.zimmerman@example.com,37580,0642353693,amanda.zimmerman,3693,ent_5f1cd7c3fb68
207,raymond shelton,cameronville,kristina rue 168,raymond.shelton@example.com,73634,0547772522,raymond.shelton,2522,ent_4afa8f9e9075
208,diane cummings,west kyle,mathew prairie 126,diane.cummings@example.com,86491,0280801006,diane.cummings,1006,ent_992931e0f86b
209,dibne cumings,west kyle,mathew prairi e126,diane.cummings@example.com,86491,0280801006,diane.cummings,1006,ent_992931e0f86b
210,jenna larson,lisahaven,kyle lane 74,jenna.larson@example.com,12750,0086211823,jenna.larson,1823,ent_64c0160a2ba1
211,jenna larson,ljsahaven,kyle lane 74,jenna.arson@example.com,12750,0086211823,jenna.arson,1823,ent_64c0160a2ba1
212,jenna alrson,lisahavne,kyle lane 74,jenna.larson@example.com,12750,0086811820,jenna.larson,1820,ent_64c0160a2ba1
213,jessica cox,staceyfort,parker forest 46,jessica.cox@example.com,25667,0503926142,jessica.cox,6142,ent_e2154fea5da2
214,chad jones,lake matthewberg,william plains 146,chad.jones@example.com,78783,0685621850,chad.jones,1850,ent_994267ef12db
215,chad jones,lake matthewberg,william plains 146,chad.jones@example.com,78783,0685621850,chad.jones,1850,ent_994267ef12db
216,christopher guerra,diazbury,jennifer cape 142,christopher.guerra@example.com,58723,0662961943,christopher.guerra,1943,ent_828f720439ce
217,nicole bowers,mckeeborough,amanda inlet 22,nicole.bowers@example.com,48714,0426265511,nicole.bowers,5511,ent_336bc2913495
218,nciole bowers,mckeeborough,amanda jnlet 22,nicole.bowers@example.com,48714,0426265511,nicole.bowers,5511,ent_336bc2913495
219,nicole bowers,mckeebroough,amanda ilnet 22,nicole.bowers@example.com,48714,0426265511,nicole.bowers,5511,ent_336bc2913495
220,laura alexander,burchborough,strickland parkway 69,laura.alexander@example.com,79755,0721264647,laura.alexander,4647,ent_c0ba17c23a26
221,david davidson,west christopherburgh,spencer cove 93,david.davidson@example.com,36256,0437993712,david.davidson,3712,ent_f37062d9a655
222,jose guerra,wilkersontown,stacey forges 102,jose.guerra@example.com,54882,0596575692,jose.guerra,5692,ent_9a70776c7433
223,jonathan young,sarahmouth,nicholas burgs 155,jonathan.young@example.com,19643,0375265479,jonathan.young,5479,ent_1c6637a8f2e1
224,dustin gallegos,gilbertland,katherine mountains 84,dustin.gallegos@example.com,2991,0646519398,dustin.gallegos,9398,ent_b14f1cdbb7f8
225,dustin gallegos,gilbertland,katherine mountains 84,dustin.allegos@example.co,2991,0646519398,dustin.allegos,9398,ent_b14f1cdbb7f8
226,ruben dunn,west david,rodriguez heights 65,ruben.dunn@example.com,31753,0266179796,ruben.dunn,9796,ent_cfe21c6800c8
227,riley bryant,lake zacharybury,mary parks 178,riley.bryant@example.com,94682,0680589113,riley.bryant,9113,ent_c1a38b8a671f
228,jeffrey mendez,new theresaland,ashley ferry 91,jeffrey.mendez@example.com,69452,0290965610,jeffrey.mendez,5610,ent_00c581b545d6
229,jeffrey mendez,new theresaland,ashley ferry 91,jeffrey.mendez@example.com,69452,0290965610,jeffrey.mendez,5610,ent_00c581b545d6
230,rachel romero,lake paulstad,peter mountains 89,rachel.romero@example.com,33747,0071461125,rachel.romero,1125,ent_4c8205da3610
231,heather jones,port bonniemouth,jessica road 117,heather.jones@example.com,17987,0387571775,heather.jones,1775,ent_867cb35252fe
232,heathr jones,port bonniemouth,jessicaroad 117,heather.jones@example.com,17987,0387571775,heather.jones,1775,ent_867cb35252fe
233,joshua li,pollardfort,maria spur 119,joshua.li@example.com,83303,0362266093,joshua.li,6093,ent_4f0f5c96ca84
234,chad baldwin,port jameston,johnson flats 110,chad.baldwin@example.com,41866,0603341918,chad.baldwin,1918,ent_29f36a0ee964
235,ciad baldwin,port jameston,johnson flats 110,chad.baldwin@example.com,41866,0603341918,chad.baldwin,1918,ent_29f36a0ee964
236,chad baldwin,port jameston,johnson flats 110,chad.baldwin@example.com,41866,0603341918,chad.baldwin,1918,ent_29f36a0ee964
237,kaylee hays,west michael,king terrace 79,kaylee.hays@example.com,6766,0125286692,kaylee.hays,6692,ent_5d23e9656032
238,evelyn martinez,klinefurt,kim locks 109,evelyn.martinez@example.com,44939,0278282742,evelyn.martinez,2742,ent_e999caad4047
239,evelyn martinez,klinefurt,kim loks 109,evelyn.martinez@example.com,44939,0278282742,evelyn.martinez,2742,ent_e999caad4047
240,evelyn martinez,klinefurt,ilm locks 109,evelyn.martinez@example.com,44939,0278282742,evelyn.martinez,2742,ent_e999caad4047
241,kathleen jimenez,millerburgh,owen stream 118,kathleen.jimenez@example.com,71997,0978819148,kathleen.jimenez,9148,ent_cae91e45aed8
242,brian murphy,jacksonmouth,parker rapids 94,brian.murphy@example.com,46578,0807836134,brian.murphy,6134,ent_9ffd1ae121c4
243,nicholas buck,north emilyfurt,hill turnpike 9,nicholas.buck@example.com,48120,0745171339,nicholas.buck,1339,ent_851cd04fbcac
244,nicole moore,johnsonland,douglas rest 182,nicole.moore@example.com,31433,0962923309,nicole.moore,3309,ent_4af7f9edc0f5
245,holly reyes,rushstad,cassie springs 72,holly.reyes@example.com,58689,0982544948,holly.reyes,4948,ent_01592d51db5a
246,laura moreno,north anthony,edwards harbors 174,laura.moreno@example.com,24886,0126042232,laura.moreno,2232,ent_3aed9b0313f9
247,mr justin green iii,heatherfort,lewis ridge 64,mr.justin.green.iii@example.com,26738,0672946671,mr.justin.green.iii,6671,ent_3464dc11507c
248,samuel hayes,elizabethland,osborn valleys 197,samuel.hayes@example.com,72590,0168457759,samuel.hayes,7759,ent_6224c5fab501
249,samuel hayes,elizabethland,osborn valleys 19,samuel.hayes@example.com,72590,0168457759,samuel.hayes,7759,ent_6224c5fab501
250,stephanie york,north tracie,laura pass 34,stephanie.york@example.com,18703,0975001701,stephanie.york,1701,ent_ee44c6bcc4e0
251,johnny ward,new nicole,mcdonald plaza 41,johnny.ward@example.com,9118,0770632424,johnny.ward,2424,ent_d68eb8a27f67
252,johnnz ward,new nicole,mcdonald qlaza 41,johnny.ward@example.com,9118,0770632424,johnny.ward,2424,ent_d68eb8a27f67
253,jphny ward,n wnicole,mcdonald paza 41,johnn.ward@example.com,9118,0770632424,johnn.ward,2424,ent_d68eb8a27f67
254,zachary higgins,east teresaland,hammond view 98,zachary.higgins@example.com,59480,0221890927,zachary.higgins,0927,ent_4c15dc21c916
255,joseph anderson,shawton,katrina curve 55,joseph.anderson@example.com,16775,0269731121,joseph.anderson,1121,ent_c9f13c161440
256,elizabeth martin,meghanview,michael path 99,elizabeth.martin@example.com,26230,0565234138,elizabeth.martin,4138,ent_3028f51407d8
257,krista martinez,new shelly,mendez course 185,krista.martinez@example.com,20711,0940438983,krista.martinez,8983,ent_dd7c1a3d9d56
258,marcus winters,port michelleland,kirby port 76,marcus.winters@example.com,6459,0037613791,marcus.winters,3791,ent_c439c60b7bf0
259,patricia baker,south pamelaside,katie mall 4,patricia.baker@example.com,38468,0552696582,patricia.baker,6582,ent_982fd8b71127
260,elizabeth sanchez,east scottfort,evans cliffs 198,elizabeth.sanchez@example.com,61376,0109104300,elizabeth.sanchez,4300,ent_5f573b82f1da
261,lawrence edwards,theresaberg,gross wall 102,lawrence.edwards@example.com,49068,0848666188,lawrence.edwards,6188,ent_09d66f6e5482
262,ashley allen,north brent,joseph gateway 72,ashley.allen@example.com,50852,0141832856,ashley.allen,2856,ent_5d00f2c62873
263,jennifer estes,jamesburgh,lisa ports 196,jennifer.estes@example.com,65809,0146303161,jennifer.estes,3161,ent_1106a1dda2d6
264,julie koch dds,levyborough,sierra parkways 156,julie.koch.dds@example.com,76961,0042102027,julie.koch.dds,2027,ent_065f8e41a20c
265,anthony simpson,south dennisview,mitchell branch 134,anthony.simpson@example.com,95856,0842524105,anthony.simpson,4105,ent_682a03f4cd9e
266,jamie williams,angelaland,ashley fields 70,jamie.williams@example.com,51140,0814917785,jamie.williams,7785,ent_018325a40be6
267,jamie wililams,angelaland,shley fields 07,jamie.williams@example.com,51140,0814917785,jamie.williams,7785,ent_018325a40be6
268,pamela ramirez,brooksmouth,david court 39,pamela.ramirez@example.com,73617,0208635365,pamela.ramirez,5365,ent_a2907b14a6ed
269,pamela ramrez,brooksmouth,david ocurt 39,pamela.ramirez@example.com,73617,0208635365,pamela.ramirez,5365,ent_a2907b14a6ed
270,nicole gonzalez,east jenniferfort,porter cape 80,nicole.gonzalez@example.com,68570,0518705349,nicole.gonzalez,5349,ent_9a61b86ecef7
271,larry robertson,south vicki,velazquez island 190,larry.robertson@example.com,97405,0937597383,larry.robertson,7383,ent_6df115a2d0b5
272,larry rocertson,south vicki,velazquez isalnd 190,larry.roertson@example.com,97405,0937597383,larry.roertson,7383,ent_6df115a2d0b5
273,larr yrobertson,south vicki,velazqufz island 190,larry.robertson@example.com,97405,0937597383,larry.robertson,7383,ent_6df115a2d0b5
274,linda romero,cabrerastad,erickson hills 149,linda.romero@example.com,43917,0182619906,linda.romero,9906,ent_733b57ae9e45
275,veronica silva,lake brett,candice greens 34,veronica.silva@example.com,63474,0344565574,veronica.silva,5574,ent_cd6cf9ddaa0c
276,veornica silwa,lake brett,candice grenes 34,veronica.silva@example.com,63474,0344565570,veronica.silva,5570,ent_cd6cf9ddaa0c
277,mark harvey,north ashley,hernandez springs 56,mark.harvey@example.com,92319,0521356804,mark.harvey,6804,ent_a1f773c6fb5c
278,mark hbrvey,north ashley,herandez springs 56,mark.harvey@example.com,92319,0521356804,mark.harvey,6804,ent_a1f773c6fb5c
279,albert edwards,shawfort,robert ford 34,albert.edwards@example.com,96948,0365199410,albert.edwards,9410,ent_68b5193fd0f5
280,michele stone,edwardsburgh,bolton neck 51,michele.stone@example.com,60750,0721510702,michele.stone,0702,ent_1407c2b75f43
281,gloria gomez,west angela,bishop fields 111,gloria.gomez@example.com,29974,0670662532,gloria.gomez,2532,ent_a9244c42ef1d
282,gloria goez,west angela,bishop fields 111,gloria.gomez@example.com,29974,0670662532,gloria.gomez,2532,ent_a9244c42ef1d
283,gloria gomez,west angela,cishop fields 111,gloria.gomez@example.com,29974,0670662532,gloria.gomez,2532,ent_a9244c42ef1d
284,vickie wise,timothyside,hannah overpass 145,vickie.wise@example.com,95090,0856420593,vickie.wise,0593,ent_261e908a1a66
285,vickie xise,timothyside,hannah voerpass 145,vickie.wise@example.co,95090,0856420593,vickie.wise,0593,ent_261e908a1a66
286,vickie wise,timothyside,hannah voerpass 145,vickie.wise@example.com,95090,0856420593,vickie.wise,0593,ent_261e908a1a66
287,bryan rhodes,stephanieberg,huang locks 180,bryan.rhodes@example.com,38571,0599293784,bryan.rhodes,3784,ent_716ca6c16b33
288,brybn rohdes,stephanieberg,huang locks 180,bryan.rhodes@example.com,38571,0599293784,bryan.rhodes,3784,ent_716ca6c16b33
289,tyler miller,lewisside,douglas summit 38,tyler.miller@example.com,36038,0921851569,tyler.miller,1569,ent_9cb5f70af2e6
290,tymer miller,lewisside,douglas summit 38,tyler.miller@example.com,36038,0921831562,tyler.miller,1562,ent_9cb5f70af2e6
291,tyler miller,lewisside,eouglas summit 38,tyler.miller@example.co,36038,0921851569,tyler.miller,1569,ent_9cb5f70af2e6
292,melissa taylor,lake jesse,john skyway 157,melissa.taylor@example.com,13634,0391725135,melissa.taylor,5135,ent_3717862a00f8
293,mitchell garcia,south denise,adam plaza 43,mitchell.garcia@example.com,62851,0157043315,mitchell.garcia,3315,ent_9f9be980149f
294,mitchel garcia,south denise,adam plaza 43,mitchell.garcia@example.com,62851,0157043315,mitchell.garcia,3315,ent_9f9be980149f
295,curtis maynard,lake audreyside,mitchell circle 123,curtis.maynard@example.com,97322,0932710405,curtis.maynard,0405,ent_0df14c3e881d
296,csutis maynard,lake audreyside,mitchell circle1 23,curtis.maynard@example.com,97322,0932710405,curtis.maynard,0405,ent_0df14c3e881d
297,taylor gentry,north wendy,robert villages 156,taylor.gentry@example.com,52535,0620153368,taylor.gentry,3368,ent_cc8cd1ceed58
298,charlotte curry,ashleyville,mcdowell branch 187,charlotte.curry@example.com,44415,0844431069,charlotte.curry,1069,ent_dd500e1c0fa5
299,william daniels,nelsonville,small dale 126,william.daniels@example.com,43844,0205061497,william.daniels,1497,ent_37b060b02de6
300,william daoiesl,nelsonville,small dale 126,william.daniels@example.com,43844,0205061497,william.daniels,1497,ent_37b060b02de6
301,jimmy scott,ashleyborough,alexis junction 48,jimmy.scott@example.com,23503,0565270477,jimmy.scott,0477,ent_0b3092293a05
302,jimmys cot,ashleyborough,alexis junction 48,jimmy.scott@example.com,23503,0565270477,jimmy.scott,0477,ent_0b3092293a05
303,jimmy scott,ashleyborough,alexis jucntion 48,jimmy.scott@example.com,23503,0765270472,jimmy.scott,0472,ent_0b3092293a05
304,margaret sullivan,caldwellburgh,robertson corners 45,margaret.sullivan@example.com,18931,0233206163,margaret.sullivan,6163,ent_bbcbb1e84426
305,timothy smith,stephanieport,young terrace 161,timothy.smith@example.com,76845,0294511686,timothy.smith,1686,ent_79816ecb0a75
306,alexandra valdez,parkerfurt,bryan crest 71,alexandra.valdez@example.com,90426,0870998616,alexandra.valdez,8616,ent_9ce2d318e19b
307,alexnadra valdez,parkerfurt,bryan crest 71,alexandra.valdez@example.com,90426,0870998616,alexandra.valdez,8616,ent_9ce2d318e19b
308,stephanie padilla,michaelbury,vaughn route 122,stephanie.padilla@example.com,29222,0024629960,stephanie.padilla,9960,ent_ae5ffa6599c8
309,karen gibson,toddborough,perry plaza 85,karen.gibson@example.com,32936,0307450544,karen.gibson,0544,ent_e004a0068b7b
310,karen gibson,toddborough,perrz plaza 85,karen.gibson@example.com,32936,0307450544,karen.gibson,0544,ent_e004a0068b7b
311,karn gibson,toddborough,perry plaza 85,karen.gibson@example.com,32936,0307450544,karen.gibson,0544,ent_e004a0068b7b
312,linda cobb,new danielside,rice lake 80,linda.cobb@example.com,66756,0862890233,linda.cobb,0233,ent_cd6d91089c7e
313,joshua martin,davishaven,wilson ford 64,joshua.martin@example.com,58891,0070534578,joshua.martin,4578,ent_a93c16832314
314,jody palmer,chambersport,elliott points 32,jody.palmer@example.com,95302,0035797279,jody.palmer,7279,ent_97b31c942dea
315,david smith,cooperland,beth cape 89,david.smith@example.com,71432,0241406029,david.smith,6029,ent_6e21fce62b88
316,taylor jones dvm,port darlene,justin falls 55,taylor.jones.dvm@example.com,96090,0333468007,taylor.jones.dvm,8007,ent_f6b9b6ccd044
317,jennifer haney,millerside,west lane 166,jennifer.haney@example.com,17932,0290349446,jennifer.haney,9446,ent_81c69212880f
318,hannah white,port adam,rice stream 90,hannah.white@example.com,3480,0743748969,hannah.white,8969,ent_4de7840ffbef
319,hannah white,port adam,rice stream 90,hannah.white@example.com,3480,0743748969,hannah.white,8969,ent_4de7840ffbef
320,hannah white,port adam,rice strfam 90,hannah.white@example.com,3480,0743748969,hannah.white,8969,ent_4de7840ffbef
321,julie ball,east steven,patel view 185,julie.ball@example.com,20833,0074466609,julie.ball,6609,ent_7fdec83a2662
322,timothy hardy,mendeztown,antonio shore 147,timothy.hardy@example.com,32045,0353875842,timothy.hardy,5842,ent_5f6955d227a3
323,brian johnson,gonzalesside,john cape 143,brian.johnson@example.com,28978,0241724825,brian.johnson,4825,ent_81110df80ca4
324,patty taylor,barbaramouth,young street 57,patty.taylor@example.com,31552,0534655494,patty.taylor,5494,ent_cb4dd52770e2
325,charles keller,new stacyburgh,robert harbor 31,charles.keller@example.com,82551,0709991738,charles.keller,1738,ent_25ec69a943d6
326,charles keller,new stacyburgh,robert harbor 31,charles.kelle@example.com,82551,0709921738,charles.kelle,1738,ent_25ec69a943d6
327,dhraes keller,new stacyburgh,roert ahrbor 31,charles.keller@example.com,82551,0709991738,charles.keller,1738,ent_25ec69a943d6
328,kristi williams,floydmouth,david skyway 137,kristi.williams@example.com,91767,0350583003,kristi.williams,3003,ent_8f84c986779a
329,ksisti williams,floydmouth,dbvid skyway 137,kristi.williams@example.com,91767,0350583003,kristi.williams,3003,ent_8f84c986779a
330,kristi williams,lfydmouth,david skyway 173,kristi.williams@example.com,91767,0350583003,kristi.williams,3003,ent_8f84c986779a
331,chase bennett,meredithberg,allen fork 94,chase.bennett@example.com,61190,0064890901,chase.bennett,0901,ent_a609bb8ab05a
332,kristina faulkner,west deborah,paul glens 6,kristina.faulkner@example.com,59455,0016761847,kristina.faulkner,1847,ent_c28097ad29ab
333,anna hardy,port charlesshire,brett lane 53,anna.hardy@example.com,95437,0046184992,anna.hardy,4992,ent_ef2afd226e33
334,claire clark,east suzanne,turner bridge 27,claire.clark@example.com,15877,0891411739,claire.clark,1739,ent_a115df827f3c
335,claire clark,east suzanne,turner bridge 2,claire.clark@example.com,15877,0891411739,claire.clark,1739,ent_a115df827f3c
336,cmaire clark,east suzanne,tuner bridge 27,claire.clark@example.com,15877,0891411739,claire.clark,1739,ent_a115df827f3c
337,nicole rocha,kimberlyfurt,randy garden 76,nicole.rocha@example.com,61613,0470120455,nicole.rocha,0455,ent_9c882d5c6a1a
338,heather green,gillmouth,owens unions 30,heather.green@example.com,27125,0100225579,heather.green,5579,ent_4b38004f3717
339,heathe rgreen,gillmouth,owens unions 30,heather.green@example.com,27125,0100225579,heather.green,5579,ent_4b38004f3717
340,jason hart,angelashire,joyce brook 179,jason.hart@example.com,76410,0021697972,jason.hart,7972,ent_6c41101fe24a
341,elizabeth gonzalez,south andrea,noah village 92,elizabeth.gonzalez@example.com,90265,0902771670,elizabeth.gonzalez,1670,ent_8702655a6a9f
342,elizabeth gonzalfz,south andrea,noah village 92,elizabeth.gonzalez@example.com,90265,0902771670,elizabeth.gonzalez,1670,ent_8702655a6a9f
343,elizabeth gonzalez,south andrea,noah village 29,elizaeth.gonzalez@example.com,90265,0902771670,elizaeth.gonzalez,1670,ent_8702655a6a9f
344,phillip burns,garyside,murray street 127,phillip.burns@example.com,64505,0217535408,phillip.burns,5408,ent_a6bc6ea64d84
345,phillipburns,garyside,murray street 17,phillip.burns@example.com,64505,0217535408,phillip.burns,5408,ent_a6bc6ea64d84
346,pihlliq urns,garyside,murray street 127,phillip.burns@example.com,64505,0217535408,phillip.burns,5408,ent_a6bc6ea64d84
347,steve mooney,port elizabethtown,alexandria villages 117,steve.mooney@example.com,54554,0550375899,steve.mooney,5899,ent_41f448afc826
348,mark jones,brooksfort,albert parkways 169,mark.jones@example.com,86914,0571130554,mark.jones,0554,ent_1b04f217730b
349,aaron arnold jr,new lisachester,nichols heights 96,aaron.arnold.jr.@example.com,23997,0102726149,aaron.arnold.jr.,6149,ent_2a5c8b15b5fb
350,aaron arnold jr,new lisachester,nichols heighst 96,aaron.arnold.jr.@example.com,23997,0102726149,aaron.arnold.jr.,6149,ent_2a5c8b15b5fb
351,brent hernandez,josephfurt,christine glen 32,brent.hernandez@example.com,10858,0779827080,brent.hernandez,7080,ent_89a1c105a472
352,jared cunningham,lake victoriaton,kevin views 111,jared.cunningham@example.com,12756,0978292216,jared.cunningham,2216,ent_0026476a20bf
353,james alvarez,brucemouth,jacqueline corner 156,james.alvarez@example.com,74668,0586693465,james.alvarez,3465,ent_efbc0848b836
354,valerie jacobson,nelsonland,jerry ways 116,valerie.jacobson@example.com,90210,0226984858,valerie.jacobson,4858,ent_8ada660e06b7
355,stephanie elliott,alexisborough,harry vista 52,stephanie.elliott@example.com,77444,0394522885,stephanie.elliott,2885,ent_1a1162ec85b1
356,robert nicholson,new mary,kevin port 195,robert.nicholson@example.com,51508,0587996846,robert.nicholson,6846,ent_90af7edbfd8a
357,kimberly reyes,new juliestad,krystal spurs 134,kimberly.reyes@example.com,7539,0106200342,kimberly.reyes,0342,ent_d20016547f48
358,david jones,lake joshuamouth,novak islands 175,david.jones@example.com,64805,0420438057,david.jones,8057,ent_9a47448b1ba6
359,davi djones,lake joshuamouth,novak island 175,david.jones@example.com,64805,0420438057,david.jones,8057,ent_9a47448b1ba6
360,juan bennett,millerport,erin shore 159,juan.bennett@example.com,32803,0735989334,juan.bennett,9334,ent_2a5ac580e608
361,angela moore,danieltown,jodi island 175,angela.moore@example.com,40906,0122816064,angela.moore,6064,ent_a1773d62a609
362,philip garcia,garcialand,jacob mission 34,philip.garcia@example.com,46889,0294057202,philip.garcia,7202,ent_b6e7a22c25e9
363,linda mueller,maxwellside,smith loop 153,linda.mueller@example.com,32317,0094798515,linda.mueller,8515,ent_8d6f9131366d
364,carolyn james,thomasburgh,joseph grove 48,carolyn.james@example.com,57474,0818268861,carolyn.james,8861,ent_15a17abee2bf
365,elijah patton,wheelerborough,king gateway 55,elijah.patton@example.com,60513,0555439878,elijah.patton,9878,ent_56e43ae4ca93
366,eric rush,scottchester,skinner light 167,eric.rush@example.com,85833,0015739930,eric.rush,9930,ent_a0d04378f379
367,brandy flores,novakport,timothy fall 83,brandy.flores@example.com,96822,0616484085,brandy.flores,4085,ent_b00168585f7b
368,katherine johnston,diazshire,mark harbors 131,katherine.johnston@example.com,26689,0770435811,katherine.johnston,5811,ent_55546a915eed
369,katherne johnston,diazshie,mark harbors 31,katherine.johnston@example.com,26689,0770435811,katherine.johnston,5811,ent_55546a915eed
370,kimberly maldonado,south lauren,stephanie mountain 46,kimberly.maldonado@example.com,91312,0481934667,kimberly.maldonado,4667,ent_5e06d22c8893
371,ryan pope,west donna,taylor hollow 111,ryan.pope@example.com,94248,0506180919,ryan.pope,0919,ent_a310da54b6ef
372,ryan pope,wets donna,taylor hollow 111,ryan.pope@example.com,94248,0506180919,ryan.pope,0919,ent_a310da54b6ef
373,james cole,stephensstad,aguilar place 101,james.cole@example.com,92465,0842450882,james.cole,0882,ent_b0206c50dd07
374,james cole,stephensstad,aguilas place 101,james.cole@example.com,92465,0842450882,james.cole,0882,ent_b0206c50dd07
375,kimberly little,gabrielton,daniel gateway 132,kimberly.little@example.com,74323,0222394312,kimberly.little,4312,ent_4a0e88cf529f
376,miss jennifer goodwin,jeffreyhaven,rodriguez courts 146,miss.jennifer.goodwin@example.com,73638,0087814141,miss.jennifer.goodwin,4141,ent_cecd67f6b5a9
377,miss jennifer goodwin,jeffreyhaven,rodriguez courts 146,miss.jennifer.goodwin@example.com,73638,0087814141,miss.jennifer.goodwin,4141,ent_cecd67f6b5a9
378,miss jennifer goodin,jeffreyhaven,rodriguze ousts 146,miss.jennifer.goodwin@example.com,73638,0087814141,miss.jennifer.goodwin,4141,ent_cecd67f6b5a9
379,laura griffin,west whitney,ford springs 93,laura.griffin@example.com,63778,0257775478,laura.griffin,5478,ent_7bf8775fdb16
380,laura grfifin,west whitney,frod springt 93,laura.griffin@example.com,63778,0257775478,laura.griffin,5478,ent_7bf8775fdb16
381,jason nixon,west larry,marie stream 197,jason.nixon@example.com,60182,0930848872,jason.nixon,8872,ent_c30749cf5bc7
382,kelly bailey,floresport,samuel square 58,kelly.bailey@example.com,6357,0942788165,kelly.bailey,8165,ent_00f7eea0d077
383,ashley sweeney,new greg,erica expressway 170,ashley.sweeney@example.com,21490,0392827229,ashley.sweeney,7229,ent_d0226f9e35da
384,jeffery murray,fosterborough,soto ferry 169,jeffery.murray@example.com,59427,0275037314,jeffery.murray,7314,ent_8c4a0a7afbb1
385,jasmine bush,new cristianside,joshua squares 11,jasmine.bush@example.com,25006,0385677005,jasmine.bush,7005,ent_630a168d3180
386,jasmine bush,new cristianside,joshua squarfs 11,jasmine.bush@example.com,25006,0385677005,jasmine.bush,7005,ent_630a168d3180
387,jasmine bush,new cristianside,joshua squares 11,jasmine.bush@example.com,25006,0385677005,jasmine.bush,7005,ent_630a168d3180
388,craig wilson,candicefurt,rose route 43,craig.wilson@example.com,77440,0318432225,craig.wilson,2225,ent_f7e19157e9c4
389,harold ellis,samanthashire,lisa squares 31,harold.ellis@example.com,11609,0365177739,harold.ellis,7739,ent_bbe4c5cc1b91
390,iarold eils,samanthashire,lia squases 31,harold.elis@example.com,11609,0367177739,harold.elis,7739,ent_bbe4c5cc1b91
391,harold ellis,samanthashire,lisa sruares 31,harold.ellis@example.com,11609,0365177739,harold.ellis,7739,ent_bbe4c5cc1b91
392,emily allen,new paul,isaac square 68,emily.allen@example.com,78675,0257991366,emily.allen,1366,ent_e9ac1f5cd4c7
393,emily almen,new paul,isaac square 6,eily.allen@example.co,78675,0257991366,eily.allen,1366,ent_e9ac1f5cd4c7
394,james lopez,donaldmouth,angela overpass 155,james.lopez@example.com,59614,0806865086,james.lopez,5086,ent_42d4061b0caa
395,james lopez,donaldmouth,angela overpass 155,james.lopez@example.com,59614,0806865086,james.lopez,5086,ent_42d4061b0caa
396,jbmes lopez,donaldmouth,ngela overpass 155,james.lopez@example.com,59614,0806865086,james.lopez,5086,ent_42d4061b0caa
397,sharon crane,maynardhaven,taylor via 177,sharon.crane@example.com,86100,0565126944,sharon.crane,6944,ent_2bc4a9de2123
398,michael perry phd,port kathleenport,jackson port 109,michael.perry.phd@example.com,4786,0959463688,michael.perry.phd,3688,ent_20387dbb740a
399,joshua jackson,dunnville,cunningham trail 95,joshua.jackson@example.com,75567,0887449562,joshua.jackson,9562,ent_10309cbe2800
400,reginald morrow,port jenniferside,weaver throughway 169,reginald.morrow@example.com,29145,0137213865,reginald.morrow,3865,ent_9ed4f29f8b68
401,ashley greer phd,bakerland,golden bypass 158,ashley.greer.phd@example.com,58050,0026012796,ashley.greer.phd,2796,ent_06642f492c0a
402,asiley greer phd,bakerland,golden bypass 158,ashle.greer.phd@example.com,58050,0026012796,ashle.greer.phd,2796,ent_06642f492c0a
403,ashley rfer phd,bakesland,golden bypass 158,ashley.greer.phd@example.com,58050,0026012796,ashley.greer.phd,2796,ent_06642f492c0a
404,autumn cain,michellechester,lisa radial 133,autumn.cain@example.com,22256,0011848955,autumn.cain,8955,ent_8980dc86c1e9
405,rachel li,candiceburgh,ashley place 71,rachel.li@example.com,42922,0393769042,rachel.li,9042,ent_c35a9fc52bb5
406,eileen armstrong,sellersview,derek terrace 28,eileen.armstrong@example.com,86470,0818451848,eileen.armstrong,1848,ent_7ee51d9582ef
407,sean wright,burnsshire,poole trace 148,sean.wright@example.com,83391,0476973577,sean.wright,3577,ent_b202977c0fc0
408,jason hayes,heatherstad,richard summit 8,jason.hayes@example.com,60098,0714163356,jason.hayes,3356,ent_e6de89674d9f
409,erin smith,melissaside,jessica mount 133,erin.smith@example.com,52630,0804341651,erin.smith,1651,ent_beba4d5d3ffb
410,jeffrey lewis,amyberg,morris haven 46,jeffrey.lewis@example.com,74706,0755394237,jeffrey.lewis,4237,ent_3352d0d8278c
411,rachel shannon,smithburgh,brandon road 61,rachel.shannon@example.com,58341,0343333952,rachel.shannon,3952,ent_329dc1daf9fb
412,william patterson,port sarah,nicole hollow 31,william.patterson@example.com,36417,0179080759,william.patterson,0759,ent_83fdc3407ccf
413,isaac miller,jessicabury,brett road 148,isaac.miller@example.com,56761,0472846392,isaac.miller,6392,ent_7e097141cd93
414,isaac miller,jessicabury,bertt road 148,isaac.miller@example.com,56761,0472846392,isaac.miller,6392,ent_7e097141cd93
415,isabcm iller,jessicabury,brett road 148,isaac.miller@example.com,56761,0472846392,isaac.miller,6392,ent_7e097141cd93
416,michele smith,new erin,miller ramp 94,michele.smith@example.com,1718,0276365564,michele.smith,5564,ent_8749f5bad075
417,greg martinez,east patrickville,benson neck 147,greg.martinez@example.com,14027,0293143866,greg.martinez,3866,ent_0e9a852d4ebb
418,greg mrtinez,east patrickville,benson neck 147,greg.marinez@example.com,14027,0293143866,greg.marinez,3866,ent_0e9a852d4ebb
419,stanley taylor,north alyssa,darlene springs 26,stanley.taylor@example.com,1611,0203471754,stanley.taylor,1754,ent_93ac1946cb91
420,carly bell,jensenmouth,courtney drive 144,carly.bell@example.com,28975,0845061593,carly.bell,1593,ent_1f0037c5e924
421,brian goodwin,kyliebury,bell meadow 167,brian.goodwin@example.com,36803,0824558771,brian.goodwin,8771,ent_7a95563490d8
422,danielle burke,port melanieport,maxwell spurs 74,danielle.burke@example.com,27429,0722569961,danielle.burke,9961,ent_73602a66712a
423,daniemle burke,port melanieport,maxwell spurs 74,danielle.burke@example.com,27429,0722569961,danielle.burke,9961,ent_73602a66712a
424,danilele bukf,port melanieport,mawxell spurs 74,danielle.burke@example.com,27429,0722569901,danielle.burke,9901,ent_73602a66712a
425,katrina adkins,south paul,lucas tunnel 7,katrina.adkins@example.com,32100,0681149216,katrina.adkins,9216,ent_77873674e5df
426,mr joseph levine dvm,diazburgh,anderson wall 64,mr.joseph.levine.dvm@example.com,62237,0472282005,mr.joseph.levine.dvm,2005,ent_7a698699a922
427,patricia smith,north stacyfurt,alexander forge 84,patricia.smith@example.com,66903,0778487282,patricia.smith,7282,ent_62866ab41533
428,micheal wang,west christopher,miles corner 117,micheal.wang@example.com,10858,0968845783,micheal.wang,5783,ent_fba7b60b15f0
429,christina morton,west hollybury,myers roads 114,christina.morton@example.com,8090,0456424008,christina.morton,4008,ent_2aed8cef33a6
430,tim wilson,north alexander,kyle streets 35,tim.wilson@example.com,18485,0547807740,tim.wilson,7740,ent_75988f5ac057
431,carla benton,jessicaville,jackson crossroad 75,carla.benton@example.com,4348,0930853686,carla.benton,3686,ent_f8c024c4ad95
432,jeffrey warren,south spencerstad,joseph ports 42,jeffrey.warren@example.com,7767,0663416389,jeffrey.warren,6389,ent_6c0ac76ca9fe
433,mr jacob scott jr,north micheletown,jeremy pass 176,mr.jacob.scott.jr.@example.com,32554,0448463122,mr.jacob.scott.jr.,3122,ent_b55f7333dab2
434,mr jacob scott jr,north micheletown,kreemy pss 176,mr.jacob.scott.jr.@example.com,32554,0448463122,mr.jacob.scott.jr.,3122,ent_b55f7333dab2
435,mr jacob scottjr,north micheletown,jeremy pass 176,mr.jacob.scott.jr.@example.com,32554,0448463122,mr.jacob.scott.jr.,3122,ent_b55f7333dab2
436,jack mora,new lindachester,sarah walks 193,jack.mora@example.com,29928,0204618723,jack.mora,8723,ent_784ef0059227
437,jason cortez,davidton,mckenzie ports 65,jason.cortez@example.com,24008,0601367303,jason.cortez,7303,ent_6c4c04be8f82
438,jose williams,kiaraport,jones mountain 198,jose.williams@example.com,43400,0183764520,jose.williams,4520,ent_bf9e9998a83a
439,jesus wood,south micheal,elliott hollow 141,jesus.wood@example.com,65166,0814743503,jesus.wood,3503,ent_06cb3f00aa09
440,dr morgan payne phd,east ambertown,adam lodge 61,dr.morgan.payne.phd@example.com,44412,0650249163,dr.morgan.payne.phd,9163,ent_98a01162542c
441,dr morgan payne phd,east ambertown,adm lodge 61,dr.morgan.payne.phd@example.com,44412,0650229163,dr.morgan.payne.phd,9163,ent_98a01162542c
442,matthew sweeney,south travis,garcia pines 180,matthew.sweeney@example.com,8351,0812735857,matthew.sweeney,5857,ent_5dd8b53aacfc
443,brenda ramirez,haynesstad,samantha vista 6,brenda.ramirez@example.com,60592,0652407784,brenda.ramirez,7784,ent_e076fa133a86
444,angela davis,new ashleychester,dana lock 126,angela.davis@example.com,87328,0392855749,angela.davis,5749,ent_ac3e7b007d7a
445,cynthia green,louisview,howe lock 142,cynthia.green@example.com,31120,0218274485,cynthia.green,4485,ent_9a3e61b6bcc8
446,dale chan,owenschester,eric expressway 199,dale.chan@example.com,16326,0862095935,dale.chan,5935,ent_ac9c95776042
447,traci clark,north ericport,ford walk 169,traci.clark@example.com,92868,0863878294,traci.clark,8294,ent_5a9295d8fa43
448,amanda huff,west randy,hernandez station 165,amanda.huff@example.com,6917,0511810220,amanda.huff,0220,ent_62fb1ad98800
449,bmanda huff,west randy,hernandez station 165,amanda.huff@example.com,6917,0511810220,amanda.huff,0220,ent_62fb1ad98800
450,amaoda huff,west randy,hernandez station 165,amanda.huff@example.com,6917,0511810220,amanda.huff,0220,ent_62fb1ad98800
451,debbie ewing,hawkinsside,stephanie walk 158,debbie.ewing@example.com,33249,0480141381,debbie.ewing,1381,ent_ba6c0d9efc42
452,debbie eing,hawkinsside,stephanie walk 158,debbie.ewing@example.com,33249,0480141381,debbie.ewing,1381,ent_ba6c0d9efc42
453,brian leon,east james,alexander village 180,brian.leon@example.com,53006,0612286852,brian.leon,6852,ent_3af0af21718a
454,mark newman,north jamesmouth,lowery club 154,mark.newman@example.com,17381,0755855665,mark.newman,5665,ent_4ac2bbff5b52
455,ryan lamb,east sandrachester,brad mountain 145,ryan.lamb@example.com,95453,0836845776,ryan.lamb,5776,ent_589ce911956b
456,ryan lamb,east sandrachester,brad mountain 145,ryanlamb@example.com,95453,0836845776,ryanlamb,5776,ent_589ce911956b
457,allen vega,joshuaberg,michael ferry 147,allen.vega@example.com,5042,0921075224,allen.vega,5224,ent_51eac6b471a2
458,lisa holland,brownview,jenkins plaza 150,lisa.holland@example.com,50703,0334419693,lisa.holland,9693,ent_d36550fc4422
459,curtis wilkerson,south kimberlystad,crystal unions 186,curtis.wilkerson@example.com,63374,0572791940,curtis.wilkerson,1940,ent_06be19ff5cbf
460,kari durham,west carlatown,price falls 148,kari.durham@example.com,37323,0610556613,kari.durham,6613,ent_bf0d80b16262
461,william moreno,lake john,terri courts 155,william.moreno@example.com,70452,0060480589,william.moreno,0589,ent_f57dffe6dec2
462,william moseno,lake john,terri courts 155,william.moreno@example.com,70452,0060480589,william.moreno,0589,ent_f57dffe6dec2
463,sylvia brown,kellyburgh,barbara union 34,sylvia.brown@example.com,23582,0517908641,sylvia.brown,8641,ent_5a73b747ec74
464,evan rojas,staceyshire,sloan burgs 112,evan.rojas@example.com,19126,0227837693,evan.rojas,7693,ent_07fd89a40a37
465,chelsea travis,johnsonton,weaver extensions 189,chelsea.travis@example.com,30991,0833146591,chelsea.travis,6591,ent_11f67ba52a2b
466,chelsea travis,johnsonton,weaver exenisons 189,chlsea.travis@example.com,30991,0833146591,chlsea.travis,6591,ent_11f67ba52a2b
467,chelsfa trais,johnsonton,wfaver extensions 19,chelsea.trais@example.com,30991,0833146591,chelsea.trais,6591,ent_11f67ba52a2b
468,alicia woods,west jennifer,hardin flats 121,alicia.woods@example.com,42914,0053833884,alicia.woods,3884,ent_ec2b67d54675
469,charles bush,susanstad,kim vista 160,charles.bush@example.com,92846,0206980420,charles.bush,0420,ent_a0f0f9d3a429
470,charles buht,susanstad,kim ivsta 160,charles.bush@example.com,92846,0206980420,charles.bush,0420,ent_a0f0f9d3a429
471,charlse bush,susanstad,kimv ista 160,charles.bush@example.com,92846,0206980420,charles.bush,0420,ent_a0f0f9d3a429
472,jennifer garcia,connerfort,morris estate 11,jennifer.garcia@example.com,85590,0384576205,jennifer.garcia,6205,ent_5e5ad0b76c76
473,michael hoffman,south kurt,walker radial 91,michael.hoffman@example.com,90743,0438404608,michael.hoffman,4608,ent_cf06ed6df6eb
474,christopher smith,east carriebury,rosales trail 58,christopher.smith@example.com,84340,0256216893,christopher.smith,6893,ent_7ed28031fea3
475,taylor taylor,lake nicole,john island 147,taylor.taylor@example.com,12130,0264957823,taylor.taylor,7823,ent_1625434cebb5
476,meagan daniel,east heather,griffin greens 149,meagan.daniel@example.com,46439,0832482629,meagan.daniel,2629,ent_6e75d23a0574
477,brian smith,south trevor,kim manor 82,brian.smith@example.com,50139,0188125205,brian.smith,5205,ent_38c07d9eb6f5
478,james poole,west andrewview,francisco cliffs 106,james.poole@example.com,14227,0647423122,james.poole,3122,ent_9d84bd7211d2
479,james poole,west andrewview,grancisco cliffs 106,james.poole@example.com,14227,0647423122,james.poole,3122,ent_9d84bd7211d2
480,james poole,west andrewview,francico clifsf 106,james.poole@example.com,14227,0647423122,james.poole,3122,ent_9d84bd7211d2
481,christopher bennett,brookefort,amy course 106,christopher.bennett@example.com,92841,0333127975,christopher.bennett,7975,ent_6153f0b97fb4
482,tommy martin,jamieborough,moore courts 64,tommy.martin@example.com,54146,0660965699,tommy.martin,5699,ent_2978e0c34dbe
483,miranda blair,north brandon,guerrero hills 135,miranda.blair@example.com,75444,0081770388,miranda.blair,0388,ent_d051bf1ddf82
484,katherine brown,gonzaleztown,ronald hill 189,katherine.brown@example.com,27626,0086803476,katherine.brown,3476,ent_9ee0df7c8a64
485,edgar miller,burnsview,kyle locks 199,edgar.miller@example.com,12446,0472649082,edgar.miller,9082,ent_329a970dfa7f
486,jasmine watson,west scottview,wood mission 166,jasmine.watson@example.com,30155,0718129826,jasmine.watson,9826,ent_3b69df951b3d
487,kristy hernandez,arellanoshire,christopher key 116,kristy.hernandez@example.com,30321,0027937145,kristy.hernandez,7145,ent_6cc71d91778f
488,sara cardenas,armstrongbury,sheppard spur 183,sara.cardenas@example.com,62925,0211175186,sara.cardenas,5186,ent_8f98b68c4d83
489,james nash,north stacy,wayne path 131,james.nash@example.com,59357,0926860259,james.nash,0259,ent_ee16ee0fa7f2
490,william stanton,lake ryanberg,david manors 39,william.stanton@example.com,78495,0222064474,william.stanton,4474,ent_343ae8e26ca0
491,thomas sloan,arnoldview,christopher point 31,thomas.sloan@example.com,68617,0230940777,thomas.sloan,0777,ent_1b0a69d74c5a
492,shane buchanan,new brianna,rodriguez drive 2,shane.buchanan@example.com,99903,0973397767,shane.buchanan,7767,ent_2c313121dc94
493,shane budhanan,new brianna,rodriuez dirve 2,shane.buchanan@example.com,99903,0973397767,shane.buchanan,7767,ent_2c313121dc94
494,ariel garcia,natalieview,kristi ways 148,ariel.garcia@example.com,50707,0945101622,ariel.garcia,1622,ent_c56f5cb661da
495,laura kennedy,williamsmouth,joshua divide 157,laura.kennedy@example.com,91008,0998279501,laura.kennedy,9501,ent_456f2361d677
496,patrick mccall,larryfort,smith viaduct 83,patrick.mccall@example.com,91751,0561681472,patrick.mccall,1472,ent_0659fd3b3bd7
497,patricl mccall,larryfort,smth viaduct 83,patrick.mccall@example.co,91751,0561681472,patrick.mccall,1472,ent_0659fd3b3bd7
498,patrick nccall,larryfort,smith viaduct 83,patrick.mccall@example.com,91751,0560681472,patrick.mccall,1472,ent_0659fd3b3bd7
499,valerie perez,josephchester,mccann mills 31,valerie.perez@example.com,79796,0071396605,valerie.perez,6605,ent_d049c44e2fd6
500,chelsea lewis,lorihaven,figueroa trace 164,chelsea.lewis@example.com,21337,0303441448,chelsea.lewis,1448,ent_edd6ebda641b
501,michael powell,port brian,glenn wells 197,michael.powell@example.com,4835,0015569902,michael.powell,9902,ent_31bf961dfe66
502,michael powell,port brian,glfnn wells 197,michael.powell@example.com,4835,0015569902,michael.powell,9902,ent_31bf961dfe66
503,michael powell,port brian,glenn wells 197,michael.powell@example.com,4835,0015569902,michael.powell,9902,ent_31bf961dfe66
504,thomas bush,reidville,richardson mountain 176,thomas.bush@example.com,89783,0551240568,thomas.bush,0568,ent_7110e0d3f236
505,jaime wheeler,maxview,susan mountains 147,jaime.wheeler@example.com,98668,0962914504,jaime.wheeler,4504,ent_300122350a32
506,ann johnson,port jeffrey,frank ports 128,ann.johnson@example.com,30006,0357438421,ann.johnson,8421,ent_3ead28f890ec
507,debra ortiz,south rhondaburgh,michelle trafficway 10,debra.ortiz@example.com,79293,0317807823,debra.ortiz,7823,ent_e408d89ae85c
508,courtney franklin,rodneyfurt,marquez station 124,courtney.franklin@example.com,46207,0845218230,courtney.franklin,8230,ent_1185401df4fc
509,daniel turner,annaport,silva avenue 183,daniel.turner@example.com,39622,0810409157,daniel.turner,9157,ent_07a85bd180d3
510,karen rogers,joseport,davidson wall 27,karen.rogers@example.com,25189,0840943533,karen.rogers,3533,ent_4be7f2c40abe
511,karen rogers,joseport,davdsno wall 27,karen.rogers@example.com,25189,0840943533,karen.rogers,3533,ent_4be7f2c40abe
512,kareo rogers,joseport,davidson wall 2,karen.rogers@example.com,25189,0840943533,karen.rogers,3533,ent_4be7f2c40abe
513,ralph yoder,lake anthony,guerrero springs 101,ralph.yoder@example.com,65692,0299795453,ralph.yoder,5453,ent_ce09b127d48f
514,deanna barnes md,west jessica,brandy ports 172,deanna.barnes.md@example.com,29646,0817921717,deanna.barnes.md,1717,ent_10d293a95915
515,margaret alvarez,port diane,romero vista 165,margaret.alvarez@example.com,73671,0773329456,margaret.alvarez,9456,ent_ab69c3734d8a
516,margaret alvarez,port diane,romero vista 16,margaret.alvarez@example.co,73671,0773329456,margaret.alvarez,9456,ent_ab69c3734d8a
517,margaret alvarez,port diane,romero vista 165,margaret.alvarez@example.com,73671,0773329456,margaret.alvarez,9456,ent_ab69c3734d8a
518,brent anderson,lake rachel,hardy points 141,brent.anderson@example.com,86279,0276153966,brent.anderson,3966,ent_142e9ae35ca0
519,henry garner,jorgeport,fisher isle 88,henry.garner@example.com,61287,0832197199,henry.garner,7199,ent_0486ffb0d9c8
520,julie delacruz,port erinhaven,thomas fields 143,julie.delacruz@example.com,39607,0172461919,julie.delacruz,1919,ent_8a279e5c5354
521,seth hernandez,thomasburgh,matthew port 98,seth.hernandez@example.com,11093,0570132902,seth.hernandez,2902,ent_0b6a63765cf0
522,mr christopher walters,new kathy,shannon fords 116,mr.christopher.walters@example.com,64670,0846997335,mr.christopher.walters,7335,ent_420dce1cd88f
523,mr christopher walters,new kathy,shannon fords 116,mr.christopher.walters@example.com,64670,5846997335,mr.christopher.walters,7335,ent_420dce1cd88f
524,mr christopher wlaters,new kathy,shannon fords 116,mr.christopher.walters@example.com,64670,0846967335,mr.christopher.walters,7335,ent_420dce1cd88f
525,penny anderson,sanfordfurt,schultz lodge 104,penny.anderson@example.com,1112,0668327238,penny.anderson,7238,ent_6632e7ca34bf
526,curtis watson,north erica,patricia throughway 93,curtis.watson@example.com,82642,0624220102,curtis.watson,0102,ent_00a8a5c3f7ba
527,courtney wiley,garyton,anderson lights 125,courtney.wiley@example.com,39586,0621267969,courtney.wiley,7969,ent_ade718a069df
528,courtney wiley,garyton,bnderson lights 125,courtney.wiley@example.com,39586,0621267969,courtney.wiley,7969,ent_ade718a069df
529,courtney wiley,garytpn,anderson lights1 25,courtney.wiley@example.com,39586,0621267969,courtney.wiley,7969,ent_ade718a069df
530,joy meyer,west wendy,hamilton spur 157,joy.meyer@example.com,64749,0137189490,joy.meyer,9490,ent_945335a6aaa0
531,colin vaughan,east jessica,smith fork 137,colin.vaughan@example.com,77793,0077879565,colin.vaughan,9565,ent_5c64cc5d7cc0
532,barbara dawson,kelseyton,nicholas route 76,barbara.dawson@example.com,78347,0420949407,barbara.dawson,9407,ent_9d94ce174298
533,mary valdez md,new johnnyberg,robert light 147,mary.valdez.md@example.com,27435,0049047128,mary.valdez.md,7128,ent_6df22823cdce
534,mary valdfz md,new johnnyberg,robfrt light 147,mary.valdez.md@example.com,27435,0049047128,mary.valdez.md,7128,ent_6df22823cdce
535,mary valdez nd,new johnnyberg,robert light 147,mary.valdez.md@example.com,27435,0049047128,mary.valdez.md,7128,ent_6df22823cdce
536,lorraine turner,south maria,elaine groves 127,lorraine.turner@example.com,14252,0663723950,lorraine.turner,3950,ent_be2793cdd2af
537,lisa campbell,port jose,tyler rest 194,lisa.campbell@example.com,69070,0102767478,lisa.campbell,7478,ent_745f9df52733
538,lisa cmbpell,port josf,tyler rest 194,lisa.campbell@example.com,69070,0102747478,lisa.campbell,7478,ent_745f9df52733
539,ljsa campbell,port jose,tyler rest1 94,lisa.campbell@example.com,69070,0102767478,lisa.campbell,7478,ent_745f9df52733
540,heather ortiz,lake sarah,benjamin parks 177,heather.ortiz@example.com,43833,0258001061,heather.ortiz,1061,ent_3cc5149977a9
541,adam davis,hernandezland,mary skyway 176,adam.davis@example.com,67571,0753443009,adam.davis,3009,ent_85d7f433cdac
542,adam davis,hernandezland,mary skyway 176,adam.davis@example.com,67571,0753443009,adam.davis,3009,ent_85d7f433cdac
543,nathaniel conway,stevenville,stephen hill 29,nathaniel.conway@example.com,23399,0244717465,nathaniel.conway,7465,ent_25e6fc0f959f
544,nbthaniel conway,stevenville,stephen hill 29,nathaniel.conway@example.co,23399,0244717465,nathaniel.conway,7465,ent_25e6fc0f959f
545,sarah ward,port katherineton,simmons crescent 37,sarah.ward@example.com,1768,0863917410,sarah.ward,7410,ent_e570e464826e
546,asrah wrd,port katherineton,simmons crescent 37,sarah.wad@example.com,1768,0863916410,sarah.wad,6410,ent_e570e464826e
547,sarah ward,port katherineton,simmons crecsen 37,sarah.ward@example.com,1768,0863917410,sarah.ward,7410,ent_e570e464826e
548,mary jackson,natalieland,kline road 166,mary.jackson@example.com,49341,0158517432,mary.jackson,7432,ent_3219b5be78da
549,catherine morales,marshburgh,nelson lights 99,catherine.morales@example.com,15319,0346157173,catherine.morales,7173,ent_6ce634909ede
550,catherioem orales,arshcurgh,nelson lights 99,catherine.morales@example.com,15319,0346157173,catherine.morales,7173,ent_6ce634909ede
551,nicholas jarvis,phammouth,dale ramp 134,nicholas.jarvis@example.com,24259,0782931027,nicholas.jarvis,1027,ent_cf94db48fb7a
552,peggy carr,south scottland,timothy oval 121,peggy.carr@example.com,34791,0903202041,peggy.carr,2041,ent_a4c36ded9dbf
553,alexandria oneill,aprilville,tiffany skyway 44,alexandria.oneill@example.com,57235,0911179931,alexandria.oneill,9931,ent_f53eac2e4221
554,danielle reed,north dawnburgh,hernandez views 110,danielle.reed@example.com,66766,0565198253,danielle.reed,8253,ent_53e56691fe7c
555,sarah booth,west tara,karen islands 152,sarah.booth@example.com,7100,0251142625,sarah.booth,2625,ent_c8c06cfae2f5
556,krista gray,millerfort,christian mills 113,krista.gray@example.com,59099,0390219620,krista.gray,9620,ent_cfa1150f1787
557,william mcgee,new andrealand,curtis loop 21,william.mcgee@example.com,79695,0002194672,william.mcgee,4672,ent_476ddf22a7d3
558,william mcgee,new andrealand,cutis loop 21,william.mcgee@example.com,79695,0002164672,william.mcgee,4672,ent_476ddf22a7d3
559,wilmiam cgee,new andrealand,curtis loop 21,william.mcgee@example.com,79695,0002194672,william.mcgee,4672,ent_476ddf22a7d3
560,marcia wu,michaelton,diamond motorway 54,marcia.wu@example.com,29719,0403127722,marcia.wu,7722,ent_2473f01571bf
561,evelyn saunders,wilsonbury,moran lakes 12,evelyn.saunders@example.com,788,0054364597,evelyn.saunders,4597,ent_0a77b8525c5f
562,evelyn suandrs,wilsonbury,morbn lakes 12,evelyn.saunders@example.com,788,0054364597,evelyn.saunders,4597,ent_0a77b8525c5f
563,ronald brandt,north pennyfort,kelley landing 84,ronald.brandt@example.com,18909,0315313636,ronald.brandt,3636,ent_904f2cc1c367
564,natalie ortiz,port philipmouth,carr field 19,natalie.ortiz@example.com,25480,0797062397,natalie.ortiz,2397,ent_68c575ec6587
565,natale ortjz,port philipmouth,cars fiel 19,natalie.ortiz@example.com,25480,0797062397,natalie.ortiz,2397,ent_68c575ec6587
566,nataie ortiz,port philipmouth,carr field 19,natalie.ortiz@example.co,25480,0799062397,natalie.ortiz,2397,ent_68c575ec6587
567,ashley perry,barretthaven,kelsey mission 122,ashley.perry@example.com,18148,0740633569,ashley.perry,3569,ent_24b2f3a40390
568,ashley perry,barretthaven,kelsey mission 122,ashley.perry@example.com,18148,0740633369,ashley.perry,3369,ent_24b2f3a40390
569,april fitzgerald,lake beth,roberson orchard 22,april.fitzgerald@example.com,96248,0806325431,april.fitzgerald,5431,ent_9b79260fbdb0
570,april fitzgeramd,lake beth,roberson orcahsd 22,april.fitzgerald@example.com,96248,0806325431,april.fitzgerald,5431,ent_9b79260fbdb0
571,april fitzgerald,lake beth,roberson orchard 22,april.fitzgerald@example.com,96248,0806325431,april.fitzgerald,5431,ent_9b79260fbdb0
572,ashley sandoval,pettybury,gordon lights 54,ashley.sandoval@example.com,36361,0195085016,ashley.sandoval,5016,ent_2bfba6b3b2af
573,grant phillips,meganside,devon rapids 159,grant.phillips@example.com,41645,0055281832,grant.phillips,1832,ent_7ee08d3afb3a
574,taylor chen,glendaberg,jason station 62,taylor.chen@example.com,93614,0817933554,taylor.chen,3554,ent_f33f7ae89c2c
575,tina gordon,annashire,page trace 109,tina.gordon@example.com,75295,0401557788,tina.gordon,7788,ent_fa1a65120bd4
576,michelle craig,new danielfurt,rich manors 121,michelle.craig@example.com,19549,0884795137,michelle.craig,5137,ent_1e295c05aed8
577,michelle craig,new danielfurt,rih manors 121,michelle.craig@example.com,19549,0884795137,michelle.craig,5137,ent_1e295c05aed8
578,michelle csaig,new danielfurt,ric hmanors 121,michellecraig@example.com,19549,0884795137,michellecraig,5137,ent_1e295c05aed8
579,anthony adams,dwayneton,tonya springs 88,anthony.adams@example.com,91018,0579887749,anthony.adams,7749,ent_1d30df464877
580,anthpy adams,dwayneto,tonya sprins 88,anthony.adams@example.com,91018,0579887749,anthony.adams,7749,ent_1d30df464877
581,antioy adams,dwayneton,tonya sprinsg 88,anthony.adams@example.com,91018,0579887749,anthony.adams,7749,ent_1d30df464877
582,christina weaver,lake deborah,cervantes cove 96,christina.weaver@example.com,51473,0782841067,christina.weaver,1067,ent_9f682df24566
583,richard lindsey,hughesmouth,schwartz causeway 118,richard.lindsey@example.com,72869,0520885474,richard.lindsey,5474,ent_985d6ac20b18
584,patrick harris,kariside,greer roads 194,patrick.harris@example.com,97291,0929751702,patrick.harris,1702,ent_9c676e003b89
585,patty brandt,east sydneyhaven,cole springs 30,patty.brandt@example.com,16144,0406937515,patty.brandt,7515,ent_11b50895ecc3
586,ptat brandt,east sydneyhaven,cole springs 30,patty.brandt@example.com,16144,0406937515,patty.brandt,7515,ent_11b50895ecc3
587,jeffrey hawkins,adammouth,eugene vista 82,jeffrey.hawkins@example.com,93521,0998056265,jeffrey.hawkins,6265,ent_4088f87e6ece
588,amanda mcfarland,tracyshire,kim road 4,amanda.mcfarland@example.com,72611,0455478137,amanda.mcfarland,8137,ent_e4dd8a3f00e9
589,richard stewart,port williamchester,susan pike 107,richard.stewart@example.com,71683,0742662991,richard.stewart,2991,ent_ddbabb36b6c2
590,richard stewart,port williamchester,susan ipkf 107,richard.stewart@example.com,71683,0742662991,richard.stewart,2991,ent_ddbabb36b6c2
591,richard stewart,port williamchester,susan pike 107,richard.stewart@example.com,71683,0742662991,richard.stewart,2991,ent_ddbabb36b6c2
592,anna walker,kellyhaven,elizabeth isle 119,anna.walker@example.com,62741,0300244714,anna.walker,4714,ent_213483417380
593,samantha zavala md,north felicia,griffin row 126,samantha.zavala.md@example.com,42566,0301471959,samantha.zavala.md,1959,ent_ed29c0d8b335
594,robert wilson,new lynnstad,fernandez haven 112,robert.wilson@example.com,67912,0471589042,robert.wilson,9042,ent_620807a1bbd6
595,jill williams,east teresaside,luke corner 38,jill.williams@example.com,70389,0572520456,jill.williams,0456,ent_c2548064eaf0
596,austin santiago,east amandachester,michelle manors 92,austin.santiago@example.com,85247,0044818321,austin.santiago,8321,ent_edd6bb418106
597,andrea parks,north charlesburgh,stephen isle 43,andrea.parks@example.com,33519,0855445189,andrea.parks,5189,ent_ad1bf290f3ae
598,laura perez,hamiltontown,russell mission 37,laura.perez@example.com,51553,0028457652,laura.perez,7652,ent_9c65e329043d
599,laura perez,hamiltontown,russell mission 37,laura.perez@example.com,51553,0028457652,laura.perez,7652,ent_9c65e329043d
600,kimberly may,lake melaniestad,katelyn prairie 20,kimberly.may@example.com,66408,0120754527,kimberly.may,4527,ent_13b724905530
601,richard turner,fostertown,juan mill 153,richard.turner@example.com,62627,0852401322,richard.turner,1322,ent_15aa0c7e8fbd
602,daniel francis,ericastad,choi divide 79,daniel.francis@example.com,1962,0232161107,daniel.francis,1107,ent_3bb18d9ab531
603,kristen martinez,west jasonstad,ashley lock 11,kristen.martinez@example.com,28253,0310890714,kristen.martinez,0714,ent_dc29a86ff9c5
604,kristen martinez,west jasonstad,asheyl ock 11,kristen.martinez@example.com,28253,0310890715,kristen.martinez,0715,ent_dc29a86ff9c5
605,kristen martinez,west jasonstad,ashley lokc 11,kristen.martinez@example.com,28253,0380890714,kristen.martinez,0714,ent_dc29a86ff9c5
606,matthew hunt,jamesburgh,jack ridges 2,matthew.hunt@example.com,88447,0138759271,matthew.hunt,9271,ent_6be8575a46d0
607,matthew hunt,jamesburgh,jack ridges 2,matthew.hunt@example.com,88447,0138759271,matthew.hunt,9271,ent_6be8575a46d0
608,matthew hunt,jamesburgh,jackrieges 2,matthew.hunt@example.com,88447,0138759271,matthew.hunt,9271,ent_6be8575a46d0
609,sarah york,emilyview,newman cliffs 142,sarah.york@example.com,13372,0646317520,sarah.york,7520,ent_72ab8108eff0
610,kevin lynn,north justin,anderson shoal 126,kevin.lynn@example.com,9650,0167811266,kevin.lynn,1266,ent_80cc9feae575
611,emily hayes,lindseychester,steele drives 27,emily.hayes@example.com,22604,0215353961,emily.hayes,3961,ent_797919f9c0c6
612,emily hayes,lindseychester,steele drives 27,emily.hayes@example.com,22604,0215353961,emily.hayes,3961,ent_797919f9c0c6
613,emily hayes,lindseychester,steele dives 27,mily.hayes@example.com,22604,0215353961,mily.hayes,3961,ent_797919f9c0c6
614,david walker,lake jessica,hill lake 7,david.walker@example.com,63409,0269524991,david.walker,4991,ent_ae694b0755cd
615,ian torres,port juanberg,gregory rest 170,ian.torres@example.com,71098,0877347784,ian.torres,7784,ent_1bdf1a2fc923
616,nicholas sims,port bonniefurt,patricia vista 139,nicholas.sims@example.com,77838,0800616756,nicholas.sims,6756,ent_2456caf15123
617,andrew green,philipshire,valdez drive 10,andrew.green@example.com,96606,0028427624,andrew.green,7624,ent_8746b7e5d534
618,brandi mason,lake johnburgh,randy parkway 125,brandi.mason@example.com,99749,0197889778,brandi.mason,9778,ent_30222b26c6fe
619,jill white,billyfort,jill orchard 130,jill.white@example.com,30876,0064796954,jill.white,6954,ent_ff6d1d2c3324
620,jacob williams,paulmouth,april turnpike 8,jacob.williams@example.com,6587,0902559056,jacob.williams,9056,ent_13f380eca875
621,jacbo williams,paulmouth,april turopike 8,jacob.williams@example.com,6587,0902559056,jacob.williams,9056,ent_13f380eca875
622,jacob willams,paulmouth,april turnpike 8,jacob.williams@example.com,6587,0902559056,jacob.williams,9056,ent_13f380eca875
623,matthew garcia,south desiree,davenport greens 83,matthew.garcia@example.com,48381,0917135785,matthew.garcia,5785,ent_4ab8ce320c2b
624,matthew garcia,south desiree,davenport greens 83,matthew.garcia@example.com,48381,0917135785,matthew.garcia,5785,ent_4ab8ce320c2b
625,matthew garica,south desiree,davenport greens 83,matthew.garcia@example.com,48381,0917135785,matthew.garcia,5785,ent_4ab8ce320c2b
626,stephanie miller,gomezstad,bennett fork 136,stephanie.miller@example.com,64314,0763514846,stephanie.miller,4846,ent_44b2920d7e9c
627,stacy smith,new dawnborough,scott forks 81,stacy.smith@example.com,20193,0366498782,stacy.smith,8782,ent_9a84e151813e
628,jack love,jenniferfort,donna mall 161,jack.love@example.com,89004,0829737489,jack.love,7489,ent_47d5c9c207cc
629,daniel martin,new brittany,johnson cape 112,daniel.martin@example.com,18159,0908357232,daniel.martin,7232,ent_3f4ed2f1010b
630,amanda armstrong,greeneshire,gabriel falls 196,amanda.armstrong@example.com,84075,0466513644,amanda.armstrong,3644,ent_bdab02b52685
631,nathan stanley,obrienfort,valentine forge 66,nathan.stanley@example.com,63634,0936312303,nathan.stanley,2303,ent_2c9baea38488
632,ronald burke,garymouth,cindy pass 80,ronald.burke@example.com,59938,0778660324,ronald.burke,0324,ent_934167fed873
633,ronald burke,garymouth,cindy pass 0,ronald.buke@example.co,59938,0778660324,ronald.buke,0324,ent_934167fed873
634,ronald burke,garymouth,cindy pass 80,ronald.burke@example.com,59938,0778660324,ronald.burke,0324,ent_934167fed873
635,andrea gray,serranoville,daniel flats 129,andrea.gray@example.com,23756,0189847139,andrea.gray,7139,ent_4e9521fcfe7f
636,andrea grby,serranoville,dnaiel flats 129,andra.gray@example.com,23756,0189847139,andra.gray,7139,ent_4e9521fcfe7f
637,andrea gary,serranoville,daniel flats 129,andre.gray@example.com,23756,0189847139,andre.gray,7139,ent_4e9521fcfe7f
638,lucas williams,new amber,christopher shoals 156,lucas.williams@example.com,658,0003486451,lucas.williams,6451,ent_88a9d5a83b2b
639,patricia banks,perezfort,wood cape 61,patricia.banks@example.com,50470,0760644134,patricia.banks,4134,ent_4fbf0c5002e6
640,patricia banks,perezfort,wood cape 61,patrica.banks@example.com,50470,0760644134,patrica.banks,4134,ent_4fbf0c5002e6
641,robert velez,cannonland,ronald glens 109,robert.velez@example.com,37629,0124815698,robert.velez,5698,ent_a52b27e78576
642,kimberly scott,new alexandrahaven,jenna turnpike 117,kimberly.scott@example.com,1443,0002720634,kimberly.scott,0634,ent_d2578a848888
643,daniel brock,pearsonview,cox drives 22,daniel.brock@example.com,34750,0123829657,daniel.brock,9657,ent_99316daea530
644,jessica diaz,south andrea,braun locks 189,jessica.diaz@example.com,73581,0242954316,jessica.diaz,4316,ent_dcd7d0e3f3c0
645,mr justin king,fitzgeraldville,lane trail 101,mr.justin.king@example.com,98518,0693008931,mr.justin.king,8931,ent_4c8596c838c9
646,richard avery,laurenton,jason locks 51,richard.avery@example.com,21569,0420696942,richard.avery,6942,ent_5b84cb38928a
647,richard awey,laurenton,jason locks 51,richard.avery@example.com,21569,0420696942,richard.avery,6942,ent_5b84cb38928a
648,richard avery,laurenton,jason locks 51,richard.avery@example.com,21569,0466696942,richard.avery,6942,ent_5b84cb38928a
649,mark brock,davisview,thomas rapid 38,mark.brock@example.com,29568,0044397359,mark.brock,7359,ent_4de62d12209f
650,lee ramsey,jenniferton,mendez pike 118,lee.ramsey@example.com,23474,0107256366,lee.ramsey,6366,ent_491173598037
651,jessica harris,new gavin,lee tunnel 66,jessica.harris@example.com,5227,0118005375,jessica.harris,5375,ent_70ac2ffcf11f
652,matthew cantrell,gomezfurt,wendy tunnel 172,matthew.cantrell@example.com,53644,0900489646,matthew.cantrell,9646,ent_93f271ad5efd
653,kelly mclaughlin,jessicaside,samantha plaza 34,kelly.mclaughlin@example.com,76907,0809242875,kelly.mclaughlin,2875,ent_918fc64d3247
654,victor hill,west gregoryhaven,shawn lodge 34,victor.hill@example.com,14455,0158624150,victor.hill,4150,ent_e1c03d2c445f
655,kathy morgan,heatherfurt,leah glens 128,kathy.morgan@example.com,74316,0456449485,kathy.morgan,9485,ent_db00e4fdc8a6
656,mr gerald rowe,south darrenland,mosley wall 43,mr.gerald.rowe@example.com,50658,0572870320,mr.gerald.rowe,0320,ent_141a10716860
657,mr gerld rowe,south darrelnand,mosle ywall 43,m.gerald.rowe@example.co,50658,0572870320,m.gerald.rowe,0320,ent_141a10716860
658,wendy rhodes,zacharytown,lauren loop 44,wendy.rhodes@example.com,92358,0849939089,wendy.rhodes,9089,ent_04e203d9bb2b
659,wendy riodes,zacharytown,laure nlooq 44,wendy.rhodes@example.co,92358,0849939089,wendy.rhodes,9089,ent_04e203d9bb2b
660,danielle davis,edwardsborough,jones fall 182,danielle.davis@example.com,75698,0774905097,danielle.davis,5097,ent_9dbb7f83a82d
661,travis vega,lake john,victor flats 188,travis.vega@example.com,35288,0923045018,travis.vega,5018,ent_6765c043a097
662,dale wright,north emmafort,moore coves 98,dale.wright@example.com,80956,0164236103,dale.wright,6103,ent_cd700425c44a
663,dalewrighu,north emmafort,moore coves 98,dale.wright@example.com,80956,0164236103,dale.wright,6103,ent_cd700425c44a
664,dale wright,north emmafort,moore coves 98,dale.wright@example.com,80956,0164236103,dale.wright,6103,ent_cd700425c44a
665,scott rubio,villanuevashire,watson island 110,scott.rubio@example.com,36510,0108573278,scott.rubio,3278,ent_88547be11308
666,william moon iv,new laurenfort,karen crossroad 135,william.moon.iv@example.com,71380,0147617422,william.moon.iv,7422,ent_af7166a5d6dd
667,gregory dalton,stewarttown,stephen crest 77,gregory.dalton@example.com,2050,0386490810,gregory.dalton,0810,ent_cd3f0c85b158
668,jamie garcia,new jose,salazar green 131,jamie.garcia@example.com,35812,0661794549,jamie.garcia,4549,ent_c4777f0d740b
669,jamie garcja,new jose,salazar green131,jamie.garcia@example.com,35812,0661794549,jamie.garcia,4549,ent_c4777f0d740b
670,louis diaz,michaelfurt,coleman manor 172,louis.diaz@example.com,37152,0794523219,louis.diaz,3219,ent_91b9fa96ca32
671,loius iaz,michaelfurt,coleman manor 172,louis.diaz@example.com,37152,0794163219,louis.diaz,3219,ent_91b9fa96ca32
672,kenneth krause,lindaside,lisa stravenue 33,kenneth.krause@example.com,57152,0203103037,kenneth.krause,3037,ent_97e01b6f38ed
673,christina marsh,south victor,thomas branch 167,christina.marsh@example.com,83161,0368314727,christina.marsh,4727,ent_540d3e47795c
674,michelle floyd,south coreyburgh,king walks 30,michelle.floyd@example.com,8370,0227770793,michelle.floyd,0793,ent_cd10d59ede7a
675,nichelle floy,south coreyburgh,king walks 30,michelle.floyd@example.com,8370,0227770793,michelle.floyd,0793,ent_cd10d59ede7a
676,michelle floyd,south coreyburgh,king walks 30,michele.floyd@example.com,8370,0227770793,michele.floyd,0793,ent_cd10d59ede7a
677,david combs,michaelside,shannon isle 69,david.combs@example.com,73572,0671795760,david.combs,5760,ent_3638f840e8d5
678,david combs,michaelside,shannon isle 69,davi.combs@example.com,73572,0671795760,davi.combs,5760,ent_3638f840e8d5
679,deanna smith,new barbara,michael springs 107,deanna.smith@example.com,85583,0572934172,deanna.smith,4172,ent_a00f773e00cb
680,deannasmith,new barbara,imchael springs 17,deanna.smith@example.com,85583,0572934172,deanna.smith,4172,ent_a00f773e00cb
681,veronica mitchell,prestonfurt,nunez oval 45,veronica.mitchell@example.com,80935,0801561931,veronica.mitchell,1931,ent_fab19abfc186
682,mark thomas,welchshire,danielle junction 125,mark.thomas@example.com,53555,0455084289,mark.thomas,4289,ent_89d79a520700
683,andrea martin,jenniferfurt,lawrence shoal 181,andrea.martin@example.com,36054,0077119918,andrea.martin,9918,ent_07a668d1b77c
684,aodrea martin,jenniferfurt,lawrence thoal 181,andre.martin@example.com,36054,0077119918,andre.martin,9918,ent_07a668d1b77c
685,priscilla mcmillan,east jessicaview,gutierrez ferry 52,priscilla.mcmillan@example.com,98002,0760375482,priscilla.mcmillan,5482,ent_e62b0ebc0d6b
686,priscilla mcmillan,east jessicaview,gutierrez feryr 52,priscilla.mcmillan@example.com,98002,0760375482,priscilla.mcmillan,5482,ent_e62b0ebc0d6b
687,priscilla mcmillan,east jessicaview,gutifrrez ferry 52,priscilla.mcmillan@example.com,98002,0760375482,priscilla.mcmillan,5482,ent_e62b0ebc0d6b
688,angela jackson,kelleytown,cody wells 103,angela.jackson@example.com,52538,0260602908,angela.jackson,2908,ent_dbe8ddfe63ca
689,whitney garcia,jeromeport,christopher loaf 108,whitney.garcia@example.com,58586,0684550489,whitney.garcia,0489,ent_8ff059157542
690,bonnie roberson,michellemouth,austin knolls 180,bonnie.roberson@example.com,71356,0673899756,bonnie.roberson,9756,ent_53c53c5d2b63
691,kimberly taylor,millsside,brittany motorway 78,kimberly.taylor@example.com,41088,0108562884,kimberly.taylor,2884,ent_d2586bd992b7
692,ikmberly taylor,millsside,brittany motorway 78,kimberly.taylor@example.com,41088,0108562884,kimberly.taylor,2884,ent_d2586bd992b7
693,kimberly taylor,millsside,brittany motorwaz 78,kimberly.taylor@example.com,41088,0108562884,kimberly.taylor,2884,ent_d2586bd992b7
694,karen perez,greenport,scott lakes 87,karen.perez@example.com,1884,0399893544,karen.perez,3544,ent_d69b923df614
695,robert charles,lake sandrafort,mitchell place 184,robert.charles@example.com,39771,0926831589,robert.charles,1589,ent_78d75a57200e
696,robertcharles,lake sandrafort,mjtchell place 184,robert.charles@example.com,39771,0926831589,robert.charles,1589,ent_78d75a57200e
697,robert charles,lake sandrafort,mitchell place 184,robert.charles@example.com,39771,0926831589,robert.charles,1589,ent_78d75a57200e
698,jeffrey carter,jacobside,laura plaza 130,jeffrey.carter@example.com,57793,0277288137,jeffrey.carter,8137,ent_ff5ae4a7485c
699,christopher mclaughlin,christianbury,clayton forges 192,christopher.mclaughlin@example.com,68214,0285196115,christopher.mclaughlin,6115,ent_07eb1cd77ab3
700,susan aguirre,robertland,mitchell summit 11,susan.aguirre@example.com,24409,0821545447,susan.aguirre,5447,ent_779dee199add
701,susan agujrre,robertland,mitchell tummit11,susan.aguirre@example.com,24409,0821545447,susan.aguirre,5447,ent_779dee199add
702,brian gibson,lopeztown,nelson road 80,brian.gibson@example.com,20443,0975679228,brian.gibson,9228,ent_9170981d59d0
703,joseph lopez,acostabury,julian crossroad 195,joseph.lopez@example.com,12323,0772519966,joseph.lopez,9966,ent_95191c808638
704,koseph lopez,acostabury,julian crossroad 195,joseph.lopez@example.com,12323,0872819966,joseph.lopez,9966,ent_95191c808638
705,joseph loqez,acostabury,julian crossroad 195,joseph.lopez@example.com,12323,0772519966,joseph.lopez,9966,ent_95191c808638
706,johnny peterson,steventon,floyd parks 137,johnny.peterson@example.com,43787,0204339718,johnny.peterson,9718,ent_794bb3681bab
707,paul thomas,whiteview,rowe cliffs 103,paul.thomas@example.com,50515,0907056260,paul.thomas,6260,ent_de9a90c16b82
708,barbara tate,lake virginia,paul mills 82,barbara.tate@example.com,26607,0641118242,barbara.tate,8242,ent_aa289bc2bdb6
709,barbabr tate,lake virginia,palu mlls 82,barbara.tate@example.com,26607,0641118242,barbara.tate,8242,ent_aa289bc2bdb6
710,ray boyd,sharonburgh,thomas springs 31,ray.boyd@example.com,82966,0033993788,ray.boyd,3788,ent_29da9bc33b14
711,natasha dunn,jameston,jon route 30,natasha.dunn@example.com,87886,0405786170,natasha.dunn,6170,ent_86e55aec99bf
712,brian chen,brendafurt,smith underpass 60,brian.chen@example.com,32363,0048913824,brian.chen,3824,ent_7919ae519f96
713,andrew logan,kellibury,barker drives 115,andrew.logan@example.com,21170,0183258238,andrew.logan,8238,ent_a85f2d02e23c
714,mr george booker dds,lake amanda,brian rue 143,mr.george.booker.dds@example.com,14577,0700794200,mr.george.booker.dds,4200,ent_84b0b577501b
715,david holden,north hannah,trujillo mill 124,david.holden@example.com,47446,0494653984,david.holden,3984,ent_35e8fcd94f66
716,david iolden,north hannah,trujillo mill 124,david.holden@example.com,47446,0494643484,david.holden,3484,ent_35e8fcd94f66
717,danielle williams,lopezburgh,hansen plains 63,danielle.williams@example.com,71754,0553795020,danielle.williams,5020,ent_8df1bd5982b6
718,nicholas hill,phillipsview,casey drives 2,nicholas.hill@example.com,71490,0026876811,nicholas.hill,6811,ent_e1c1bfebab6b
719,aaron little,kimberlybury,gross brook 172,aaron.little@example.com,42535,0715695620,aaron.little,5620,ent_f7ddd4e032da
720,aaron little,kimberlybury,gross brook 172,aaron.little@example.com,42535,0715695620,aaron.little,5620,ent_f7ddd4e032da
721,aaron ltitle,kimbrlybury,gross brook 172,aaron.little@example.com,42535,0715695620,aaron.little,5620,ent_f7ddd4e032da
722,mary ryan,cannonberg,lee springs 169,mary.ryan@example.com,80853,0999219212,mary.ryan,9212,ent_47160c3d6e6e
723,mary ryan,cannonberg,lee springs169,mary.ryan@example.com,80853,0999219212,mary.ryan,9212,ent_47160c3d6e6e
724,jason morris,port sharonburgh,alexandra cliff 110,jason.morris@example.com,4600,0056641877,jason.morris,1877,ent_f5354c576bb8
725,john garcia,brandonbury,barrett pine 195,john.garcia@example.com,79924,0030468750,john.garcia,8750,ent_b19dc177a07c
726,alexis mccall,south laurieton,hebert village 86,alexis.mccall@example.com,47808,0190361332,alexis.mccall,1332,ent_75d2a5a3c528
727,teresa perry,allisonland,bauer centers 17,teresa.perry@example.com,40334,0107609543,teresa.perry,9543,ent_530a2f360f74
728,teresa perry,allisonland,baer centers 17,teresa.perry@example.com,40334,0107609543,teresa.perry,9543,ent_530a2f360f74
729,daniel stone,lopezhaven,jessica place 16,daniel.stone@example.com,86599,0065120704,daniel.stone,0704,ent_8e6b8a73bce7
730,mario white,emilychester,reese trafficway 111,mario.white@example.com,14145,0110804661,mario.white,4661,ent_baa924ce1ee3
731,christopher morales,mahoneymouth,sandoval place 106,christopher.morales@example.com,72601,0399076769,christopher.morales,6769,ent_16a9efea4885
732,erika watson phd,new amy,mckenzie islands 87,erika.watson.phd@example.com,49661,0078593110,erika.watson.phd,3110,ent_77895c1f6805
733,tammy king,lake austinport,west locks 18,tammy.king@example.com,78588,0939284567,tammy.king,4567,ent_9deb867b96b0
734,chad zamora,port leslie,kevin forges 114,chad.zamora@example.com,90903,0232002496,chad.zamora,2496,ent_bc3f9e234e98
