row_id,Name_norm,City_norm,Street_norm,Email_norm,Zip_norm,Phone_norm
1,allison hill,new roberttown,donald cove 164,allison.hill@example.com,12781,0104332181
2,jonathan johnson,robinsonshire,jennifer squares 9,jonathan.johnson@example.com,36964,0013389083
3,abigail shaffer,port matthew,peterson drives 180,abigail.shaffer@example.com,12657,0863794026
4,ian cooper,herrerafurt,roman stream 40,ian.cooper@example.com,10829,0351161559
5,ian cooper,herrerafurt,roman stream 40,in.cooper@example.co,10829,0351161559
6,sandra montgomery,north donnaport,ray squares 75,sandra.montgomery@example.com,10959,0131647525
7,sharon james,west michael,reid lakes 172,sharon.james@example.com,88342,0419283276
8,sharon james,west michael,seid lakes 172,sharon.jame@example.com,88342,0419283276
9,timothy wong,south noah,amanda gardens 102,timothy.wong@example.com,84387,0724238849
10,colleen nguyen,richardland,jeremy bypass 150,colleen.nguyen@example.com,28154,0653287101
11,collee nnguyen,richardland,jeremy bypass 150,colleen.nguyen@example.co,28154,0653217101
12,latoya robbins,thomasberg,diana locks 76,latoya.robbins@example.com,32826,0627048281
13,kimberly burgess,jeffreyberg,hurst locks 77,kimberly.burgess@example.com,67285,0893252880
14,peter callahan jr,south patrickmouth,laura manors 126,peter.callahan.jr.@example.com,69853,0015430391
15,peter callahan jr,south patrickmouth,laura maonrs 126,peter.callahan.jr.@example.com,69853,0015430391
16,peter calalhan jr,south patrickmouth,laura manors 126,peter.callahan.jr.@example.com,69853,0015430391
17,juan dunlap,kaylamouth,erin plain 17,juan.dunlap@example.com,15122,0509839301
18,christopher smith,new rita,stanton track 16,christopher.smith@example.com,82460,0310518347
19,christopher smith,new rita,satnton track 16,christopher.smith@example.com,82460,0310518347
20,mark lynch,new mariotown,nathaniel estates 187,mark.lynch@example.com,15163,0010651333
21,sherry decker,north jessicaland,allen garden 36,sherry.decker@example.com,70323,0624731781
22,sherry decker,oorth jessicaland,allen gbrden 36,sherrydecker@example.com,70323,0624731281
23,betty alvarez,brandtside,joseph well 56,betty.alvarez@example.com,99495,0098050097
24,christina collins,martinezbury,kim path 136,christina.collins@example.com,8893,0208121913
25,kevin hall,east carloston,adrian station 146,kevin.hall@example.com,43810,0399091699
26,david caldwell,sanchezfort,amber stream 67,david.caldwell@example.com,53855,0353462475
27,brent jordan,lake deniseville,jenkins way 19,brent.jordan@example.com,8445,0079911838
28,brent jordan,lake deniseville,jenkins way 19,brent.jordan@example.com,8445,0079911838
29,bent jordan,lake deniseville,jenkns way 19,brent.jordan@example.com,8445,0079911838
30,gerald hensley,taylorburgh,james plain 68,gerald.hensley@example.com,37010,0874016400
31,shannon jones,north sarabury,brent plains 34,shannon.jones@example.com,22299,0427868011
32,john hancock,bakermouth,franklin alley 177,john.hancock@example.com,37889,0280598262
33,john hancock,bakermouth,frankli alley 177,john.hancock@example.com,37889,0220598262
34,john hancoc,bakermouth,franklin alley 177,john.hancock@example.com,37889,0280598262
35,tyler cowan,north beth,moore hill 180,tyler.cowan@example.com,71567,0160733754
36,erik williams,north susan,shaw walk 59,erik.williams@example.com,11001,0303654145
37,andrea jones,new brooke,richard port 103,andrea.jones@example.com,81684,0850142940
38,andreb jones,new brooke,richare port 103,andrea.jone@example.com,81684,0850142940
39,andrea jons,new brooke,richard port 130,andrea.jones@example.com,81684,0850142940
40,matthew cunningham,johnfurt,donovan ford 104,matthew.cunningham@example.com,17655,0482366299
41,elizabeth stewart,north amandahaven,albert road 141,elizabeth.stewart@example.com,35261,0044369957
42,gregory jones,bassport,mike estate 173,gregory.jones@example.com,80674,0387214895
43,rgeory jones,bassport,mike esuate 173,gregory.jons@example.com,80674,0387214895
44,dr kendra contreras,west darrell,huynh cove 63,dr.kendra.contreras@example.com,14530,0201632870
45,brittney campbell,williamview,jennifer ford 32,brittney.campbell@example.com,7159,0727889579
46,jeff hill,evanmouth,matthew curve 130,jeff.hill@example.com,72810,0687277434
47,kristina rodriguez,brandiberg,amy village 134,kristina.rodriguez@example.com,56834,0734714345
48,eric nolan,lake curtis,rachel fords 139,eric.nolan@example.com,73886,0122362316
49,jennifer oliver,port lisa,sara freeway 139,jennifer.oliver@example.com,54541,0760366909
50,norman cook,west erik,pham way 2,norman.cook@example.com,92418,0546688937
51,norman cook,west erik,pham way 2,norman.cook@example.com,92418,0546688937
52,normna ook,west erik,pham ay 2,norman.cook@example.com,92418,0546188937
53,shane garrison,kevinbury,james mount 121,shane.garrison@example.com,29720,0080531003
54,shane grrison,kevinbury,james mount121,shane.garrison@example.com,29720,0280131003
55,corey murphy,darlenefurt,tammy harbors 149,corey.murphy@example.com,89566,0049663193
56,corey murhpy,darlenefurt,tammy harbors 149,corey.murphy@example.com,89566,0049663193
57,coreym urphy,darlenefurt,tammy harbors 149,corey.murphy@example.co,89566,0049669793
58,ms teresa wilson,north candacestad,white greens 69,ms.teresa.wilson@example.com,95992,0531473799
59,jessica joyce,west bradley,paul ports 87,jessica.joyce@example.com,57655,0075273545
60,jesisca joyce,west bradley,paul ports 87,jessica.joyce@example.com,57655,0075273545
61,jesica joyce,west bradley,paul ports 87,jessica.joyce@example.com,57655,0075273545
62,timothy ryan,cindyville,michael cliff 70,timothy.ryan@example.com,94840,0443135182
63,timothy rzan,cindyville,miciael cliff 70,timothy.ryan@example.com,94840,0443135182
64,uimothy ryan,cindyville,ichael cliff 70,timothy.ryan@example.com,94840,0443135182
65,katie estrada,east robert,powell hill 14,katie.estrada@example.com,50196,0471167190
66,katje estrad,east robert,powell hill 14,katie.estada@example.com,50196,0471167190
67,katie estrada,east robert,powll hill 14,katie.estrada@example.com,50196,0471167190
68,stephanie gilbert,west justinchester,sullivan village 41,stephanie.gilbert@example.com,76520,0067974034
69,erica ramos,lake christopher,william underpass 180,erica.ramos@example.com,68062,0713493618
70,ercia ramos,lake christopher,william underpass 180,erica.ramos@example.com,68062,0713493618
71,lisa davis,east andrew,emily fork 139,lisa.davis@example.com,32593,0771906594
72,lisa davis,east andrew,emily fork 139,lisa.davis@example.com,32593,0771906574
73,miss patricia gibson,rossberg,jennifer lights 72,miss.patricia.gibson@example.com,86491,0296717565
74,stephanie dalton,port susan,kimberly forges 27,stephanie.dalton@example.com,68390,0256746807
75,stephanie damton,port susan,kimberly forges 72,stephanie.dalton@example.com,68390,0256746807
76,stephanie dalton,port susan,kimberl forges 27,stephanie.dalton@example.com,68390,0256746807
77,justin lowery,contrerasside,stephen unions 58,justin.lowery@example.com,78548,0171274846
78,pedro ramos,merrittfort,rivas plaza 121,pedro.ramos@example.com,59492,0378263982
79,david walsh,jonesport,sims harbor 71,david.walsh@example.com,31236,0658404499
80,francisco fernandez,lake jason,edward lights 126,francisco.fernandez@example.com,54878,0278755886
81,joshua perry,port nicoleshire,marissa loaf 83,joshua.perry@example.com,50358,0339636057
82,tommy evans,medinaside,castaneda village 98,tommy.evans@example.com,79570,0627028951
83,katherine nelson,ramseymouth,johnson junction 113,katherine.nelson@example.com,17229,0187026217
84,ms susan vargas,port steven,christopher meadow 68,ms.susan.vargas@example.com,7091,0596158657
85,garrett gibson,karenchester,juarez light 10,garrett.gibson@example.com,33566,0913431611
86,julie curry,lake casey,zoe keys 178,julie.curry@example.com,85927,0400504556
87,jluie curry,lake casey,zoe keys 178,julie.curry@example.com,85927,0400504556
88,julie curry,lake casey,zoe keys 178,julie.curry@example.com,85927,0400704556
89,andre wright,south elizabeth,christine garden 78,andre.wright@example.com,74421,0367136959
90,andre wrigti,south elizabeth,christine garden 78,andre.wright@example.com,74421,0367136959
91,ande wright,south elizabeth,christine garden 78,andre.wright@example.com,74421,4367136059
92,julie scott,port loriport,jackson rest 149,julie.scott@example.com,14669,0521456232
93,tanya johnston,north brittany,sanders stravenue 94,tanya.johnston@example.com,82714,0884247451
94,michael turner,west amandastad,laura port 20,michael.turner@example.com,9539,0236851604
95,gloria atkinson,zimmermanchester,garcia lake 117,gloria.atkinson@example.com,23587,0549651370
96,tracie nelson,marcusbury,marshall views 144,tracie.nelson@example.com,11860,0593174612
97,traie oelson,marcusbury,marshall views 144,tracie.nelson@example.com,11860,0593174612
98,jerry christensen,hunterborough,rogers park 187,jerry.christensen@example.com,47008,0261796405
99,jerry chrisetnsen,hunterborough,rogers park 187,jerry.christensen@example.com,47008,0261796405
100,jerry christensen,hunterborough,rogers park 817,jerry.christensen@example.co,47008,0263796405
101,gina beard,north john,peters path 85,gina.beard@example.com,53772,0290422842
102,gina ecard,north john,petess path85,gina.beard@example.com,53772,0290422842
103,peter vaughn dds,west jeffreybury,west brook 93,peter.vaughn.dds@example.com,40636,0891783908
104,jackie tran,michaelmouth,coleman summit 165,jackie.tran@example.com,36010,0007661771
105,david griffith,east javier,wilson plain 83,david.griffith@example.com,63965,0921249985
106,kevin wolf,west jeremy,hooper village 153,kevin.wolf@example.com,24020,0847896118
107,michael martinez,heidiberg,terri plaza 56,michael.martinez@example.com,84107,0673657661
108,katherine salas,jackton,harrison mill 81,katherine.salas@example.com,33593,0452711116
109,katherine salas,jackton,harriosn mill 81,katherine.sala@example.com,33593,0952511116
110,ktaherie salas,jackton,harrsion mill 81,katherine.salas@example.com,33593,0452711104
111,karen short,east edwardshire,vasquez ports 8,karen.short@example.com,40325,0244550229
112,david grant,port alexandra,obrien turnpike 18,david.grant@example.com,59550,0201836675
113,david grant,port alexandra,orien turnpike 18,david.grant@example.com,59550,0201836675
114,david grant,port alexandra,obrien turnpile18,david.grant@example.com,59550,0201836675
115,elizabeth chapman,new susanville,torres river 2,elizabeth.chapman@example.com,27736,0343244510
116,deborah miller,north ricky,glenn club 111,deborah.miller@example.com,90858,0226838851
117,doris hall,lake jesusview,warner motorway 190,doris.hall@example.com,82428,0060715969
118,regina gonzalez,west margaret,amy rue 164,regina.gonzalez@example.com,9860,0641605297
119,ricky larson,hollyview,gonzales mountain 93,ricky.larson@example.com,66098,0161369681
120,jessica george,anthonybury,navarro rapids 80,jessica.george@example.com,88882,0535218188
121,jessica george,anthonybury,nabvrr rapids 80,jessica.george@example.com,88882,0535218188
122,jessica george,anthonybury,navarro rapids 80,jessica.george@example.com,88882,0535218188
123,laura sampson,south april,johnston track 161,laura.sampson@example.com,58464,0527177449
124,laurasbmpson,south april,joinston track 161,laura.sampson@example.com,58464,0527177449
125,catherine richards,rickymouth,costa mountains 116,catherine.richards@example.com,88336,0935978207
126,catheine richadrs,rickymouth,costa mountains 116,catherine.ichards@example.com,88336,0935978207
127,catherine richards,rickymouth,costa mountains 116,catherine.richards@example.co,88336,0935978207
128,christopher jenkins,south christopherview,roberts locks 170,christopher.jenkins@example.com,42873,0254629148
129,raymond hancock,gutierrezborough,diane plains 85,raymond.hancock@example.com,68453,0281685054
130,ramyond hancpck,gutierrezborough,dianf plains8 5,raymond.hacock@example.com,68453,0281685054
131,peter garrett,west samuel,james plaza 153,peter.garrett@example.com,92022,0622292706
132,mr mark lloyd,davisville,lance bridge 185,mr.mark.lloyd@example.com,60983,0379473834
133,maria moore,davenportfort,hicks groves 121,maria.moore@example.com,32447,0359774688
134,charles lee,morganhaven,michelle harbor 42,charles.lee@example.com,35519,0392407581
135,diane evans,reedside,grimes mission 133,diane.evans@example.com,71729,0141247826
136,diane evans,reedside,grimes mission 133,diane.evans@example.com,71729,0141247826
137,timothy kane,williamsfort,ashley fort 82,timothy.kane@example.com,92936,0152204727
138,jane mcneil,new tammy,tyler camp 2,jane.mcneil@example.com,44016,0104328986
139,jbne mneil,new tammy,tyler cmp 2,jane.mcneil@example.com,44016,0104328986
140,jane denil,new tammy,tylercam p2,ane.mcneil@example.com,44016,0104328986
141,shelly alexander,pittsberg,smith divide 163,shelly.alexander@example.com,10308,0654051531
142,wayne morgan,melissaside,santos walk 189,wayne.morgan@example.com,50309,0520585277
143,lori clay,east crystalport,brennan camp 35,lori.clay@example.com,30318,0170430305
144,jessica garcia,rebeccaton,scott square 132,jessica.garcia@example.com,43017,0687403450
145,elaine brooks,east gregory,john loop 85,elaine.brooks@example.com,80388,0415667652
146,lisa allen,stevetown,jesse route 128,lisa.allen@example.com,61482,0584161692
147,megan moore,daniellechester,landry radial 83,megan.moore@example.com,90981,0115447962
148,ryan gonzalez,south ashley,castaneda coves 90,ryan.gonzalez@example.com,75842,0705964016
149,michael johnson,new julieport,hill port 192,michael.johnson@example.com,30663,0202970213
150,heather fields,lake colton,byrd stravenue 94,heather.fields@example.com,82743,0569092755
151,ellen alexander,markchester,oconnor course 20,ellen.alexander@example.com,23522,0928565431
152,ellen alexander,markchester,oconnor duorse 20,elen.alexander@example.com,23522,0928565431
153,richard walter,west robin,schmidt groves 183,richard.walter@example.com,63657,0715518844
154,elizabeth harrell,port tammy,taylor club 183,elizabeth.harrell@example.com,89148,0258313237
155,elziabeth harrell,port tammy,taylor club 183,elizabeth.harrell@example.co,89148,0758313837
156,eilzaceth harrell,port tammy,taylor club 183,elizabeth.harrel@example.com,89148,0258313237
157,veronica coffey,west amandamouth,davis locks 71,veronica.coffey@example.com,48812,0249818299
158,veronica coffey,west amandamouth,eavis locks 71,veronica.coffey@example.com,48812,0249818299
159,veronica coffe,west amandamouth,davit locks 71,veronica.coffey@example.com,48812,0249818299
160,megan richards,johnsonside,rodriguez fort 16,megan.richards@example.com,43493,0276773592
161,connie brown,wilsonton,blankenship hollow 184,connie.brown@example.com,5378,0556258815
162,onoie brown,wilsonton,blankneship hollow 184,connie.brown@example.co,5378,0556258815
163,johnathan davis,matthewsberg,paul land 132,johnathan.davis@example.com,54880,0774701687
164,sandra gilbert,south sean,johnson land 56,sandra.gilbert@example.com,31448,0950047974
165,ariana jennings,north stacy,brown harbor 28,ariana.jennings@example.com,60101,0624565060
166,daniel fowler,east kristin,brent isle 50,daniel.fowler@example.com,27397,0584168784
167,phillip clark,kimtown,lisa fort 160,phillip.clark@example.com,36843,0912165585
168,brianna anderson,east alexisbury,lindsey creek 51,brianna.anderson@example.com,77683,0986800025
169,christopher williams,south shanestad,fox summit 133,christopher.williams@example.com,67772,0729825952
170,jodi walker,stephentown,jessica way 158,jodi.walker@example.com,8473,0495888794
171,dr jessica rodriguez dds,charleneland,jones common 5,dr.jessica.rodriguez.dds@example.com,17041,0551694097
172,dr jessica rodrigue zdds,charleneland,jones common 5,dr.jessica.rodriguez.dds@example.com,17041,0551694097
173,mark kelley,shawnchester,james ranch 180,mark.kelley@example.com,13500,0130756263
174,ashley pena,morganmouth,russell forks 199,ashley.pena@example.com,52763,0970283857
175,brandon simmons,jonesland,brooks drives 81,brandon.simmons@example.com,12720,0278585497
176,branon simmons,jonesland,brooks drives 81,brandon.simmons@example.com,12720,0978485497
177,patrick watson,elizabethchester,angela radial 174,patrick.watson@example.com,46847,0866524041
178,teresa henderson,michaelshire,tanya rapid 114,teresa.henderson@example.com,67008,0473384842
179,teresai enderson,michaelshise,tanya rbipd 14,teresa.henderson@example.com,67008,0473384842
180,matthew walker,dannyview,michael point 74,matthew.walker@example.com,75749,0540193802
181,jeffrey hoffman,anthonyview,chelsea shoals 46,jeffrey.hoffman@example.com,92605,0067240049
182,tammy bell,jonestown,molly port 86,tammy.bell@example.com,12527,0478872874
183,tammy bfll,jonestown,molly port 86,tammy.bell@example.com,12527,0478878874
184,cindy barnes,kimberlyshire,moore inlet 84,cindy.barnes@example.com,78649,0161227530
185,cindy barnes,kimberlyshire,moore inlet 84,cindy.barnes@example.com,78649,0161227530
186,anthony moore,stanleyfort,emily groves 120,anthony.moore@example.com,80071,0426841459
187,anthony moore,stanleyfort,emily groves 120,anthony.moore@example.com,80071,0426841459
188,donald fischer,erikashire,michael creek 153,donald.fischer@example.com,64284,0187851910
189,elizabeth walker,port derrick,adrian hollow 130,elizabeth.walker@example.com,33992,0398225871
190,bryan jimenez,new angelica,thompson light 184,bryan.jimenez@example.com,88063,0971870728
191,andrea hensley,port lawrencechester,ryan mount 145,andrea.hensley@example.com,75657,0087406403
192,mark roberts,port stacey,smith islands 12,mark.roberts@example.com,60806,0651801704
193,tamara davis,warrenfurt,john radial 197,tamara.davis@example.com,41169,0265676618
194,tamraa dbvis,warrenfurt,john radial 197,tamaradavis@example.com,41169,0265676618
195,tamasa davi,warrenfurt,john radiam 197,tamara.davis@example.com,41169,0265676618
196,connie maxwell,port michael,william crescent 26,connie.maxwell@example.com,95840,0907903067
197,connei maxwell,port michael,william crescent 26,connie.maxwell@example.com,95840,0907903067
198,maria hernandez,new eric,dwayne flat 37,maria.hernandez@example.com,86419,0836440892
199,trevor burton,maldonadoshire,webster trace 110,trevor.burton@example.com,84779,0870568566
200,trevor bvrton,maldonadoshire,websuer trace 110,trvor.burton@example.com,84779,0870568566
201,tsevor burton,maldonadoshire,webstes trac 110,trevor.burto@example.com,84779,0870568566
202,lori lin,ramosport,hernandez cliff 56,lori.lin@example.com,36503,0735403317
203,heather jones,marieland,hayes centers 179,heather.jones@example.com,84998,0936385467
204,savannah gilbert,south reginashire,ford plaza 92,savannah.gilbert@example.com,85938,0445877175
205,larry mason,toniland,shannon valleys 95,larry.mason@example.com,66633,0560932048
206,amanda zimmerman,west nathan,warren ridge 149,amanda.zimmerman@example.com,37580,0642353693
207,raymond shelton,cameronville,kristina rue 168,raymond.shelton@example.com,73634,0547772522
208,diane cummings,west kyle,mathew prairie 126,diane.cummings@example.com,86491,0280801006
209,dibne cumings,west kyle,mathew prairi e126,diane.cummings@example.com,86491,0280801006
210,jenna larson,lisahaven,kyle lane 74,jenna.larson@example.com,12750,0086211823
211,jenna larson,ljsahaven,kyle lane 74,jenna.arson@example.com,12750,0086211823
212,jenna alrson,lisahavne,kyle lane 74,jenna.larson@example.com,12750,0086811820
213,jessica cox,staceyfort,parker forest 46,jessica.cox@example.com,25667,0503926142
214,chad jones,lake matthewberg,william plains 146,chad.jones@example.com,78783,0685621850
215,chad jones,lake matthewberg,william plains 146,chad.jones@example.com,78783,0685621850
216,christopher guerra,diazbury,jennifer cape 142,christopher.guerra@example.com,58723,0662961943
217,nicole bowers,mckeeborough,amanda inlet 22,nicole.bowers@example.com,48714,0426265511
218,nciole bowers,mckeeborough,amanda jnlet 22,nicole.bowers@example.com,48714,0426265511
219,nicole bowers,mckeebroough,amanda ilnet 22,nicole.bowers@example.com,48714,0426265511
220,laura alexander,burchborough,strickland parkway 69,laura.alexander@example.com,79755,0721264647
221,david davidson,west christopherburgh,spencer cove 93,david.davidson@example.com,36256,0437993712
222,jose guerra,wilkersontown,stacey forges 102,jose.guerra@example.com,54882,0596575692
223,jonathan young,sarahmouth,nicholas burgs 155,jonathan.young@example.com,19643,0375265479
224,dustin gallegos,gilbertland,katherine mountains 84,dustin.gallegos@example.com,2991,0646519398
225,dustin gallegos,gilbertland,katherine mountains 84,dustin.allegos@example.co,2991,0646519398
226,ruben dunn,west david,rodriguez heights 65,ruben.dunn@example.com,31753,0266179796
227,riley bryant,lake zacharybury,mary parks 178,riley.bryant@example.com,94682,0680589113
228,jeffrey mendez,new theresaland,ashley ferry 91,jeffrey.mendez@example.com,69452,0290965610
229,jeffrey mendez,new theresaland,ashley ferry 91,jeffrey.mendez@example.com,69452,0290965610
230,rachel romero,lake paulstad,peter mountains 89,rachel.romero@example.com,33747,0071461125
231,heather jones,port bonniemouth,jessica road 117,heather.jones@example.com,17987,0387571775
232,heathr jones,port bonniemouth,jessicaroad 117,heather.jones@example.com,17987,0387571775
233,joshua li,pollardfort,maria spur 119,joshua.li@example.com,83303,0362266093
234,chad baldwin,port jameston,johnson flats 110,chad.baldwin@example.com,41866,0603341918
235,ciad baldwin,port jameston,johnson flats 110,chad.baldwin@example.com,41866,0603341918
236,chad baldwin,port jameston,johnson flats 110,chad.baldwin@example.com,41866,0603341918
237,kaylee hays,west michael,king terrace 79,kaylee.hays@example.com,6766,0125286692
238,evelyn martinez,klinefurt,kim locks 109,evelyn.martinez@example.com,44939,0278282742
239,evelyn martinez,klinefurt,kim loks 109,evelyn.martinez@example.com,44939,0278282742
240,evelyn martinez,klinefurt,ilm locks 109,evelyn.martinez@example.com,44939,0278282742
241,kathleen jimenez,millerburgh,owen stream 118,kathleen.jimenez@example.com,71997,0978819148
242,brian murphy,jacksonmouth,parker rapids 94,brian.murphy@example.com,46578,0807836134
243,nicholas buck,north emilyfurt,hill turnpike 9,nicholas.buck@example.com,48120,0745171339
244,nicole moore,johnsonland,douglas rest 182,nicole.moore@example.com,31433,0962923309
245,holly reyes,rushstad,cassie springs 72,holly.reyes@example.com,58689,0982544948
246,laura moreno,north anthony,edwards harbors 174,laura.moreno@example.com,24886,0126042232
247,mr justin green iii,heatherfort,lewis ridge 64,mr.justin.green.iii@example.com,26738,0672946671
248,samuel hayes,elizabethland,osborn valleys 197,samuel.hayes@example.com,72590,0168457759
249,samuel hayes,elizabethland,osborn valleys 19,samuel.hayes@example.com,72590,0168457759
250,stephanie york,north tracie,laura pass 34,stephanie.york@example.com,18703,0975001701
251,johnny ward,new nicole,mcdonald plaza 41,johnny.ward@example.com,9118,0770632424
252,johnnz ward,new nicole,mcdonald qlaza 41,johnny.ward@example.com,9118,0770632424
253,jphny ward,n wnicole,mcdonald paza 41,johnn.ward@example.com,9118,0770632424
254,zachary higgins,east teresaland,hammond view 98,zachary.higgins@example.com,59480,0221890927
255,joseph anderson,shawton,katrina curve 55,joseph.anderson@example.com,16775,0269731121
256,elizabeth martin,meghanview,michael path 99,elizabeth.martin@example.com,26230,0565234138
257,krista martinez,new shelly,mendez course 185,krista.martinez@example.com,20711,0940438983
258,marcus winters,port michelleland,kirby port 76,marcus.winters@example.com,6459,0037613791
259,patricia baker,south pamelaside,katie mall 4,patricia.baker@example.com,38468,0552696582
260,elizabeth sanchez,east scottfort,evans cliffs 198,elizabeth.sanchez@example.com,61376,0109104300
261,lawrence edwards,theresaberg,gross wall 102,lawrence.edwards@example.com,49068,0848666188
262,ashley allen,north brent,joseph gateway 72,ashley.allen@example.com,50852,0141832856
263,jennifer estes,jamesburgh,lisa ports 196,jennifer.estes@example.com,65809,0146303161
264,julie koch dds,levyborough,sierra parkways 156,julie.koch.dds@example.com,76961,0042102027
265,anthony simpson,south dennisview,mitchell branch 134,anthony.simpson@example.com,95856,0842524105
266,jamie williams,angelaland,ashley fields 70,jamie.williams@example.com,51140,0814917785
267,jamie wililams,angelaland,shley fields 07,jamie.williams@example.com,51140,0814917785
268,pamela ramirez,brooksmouth,david court 39,pamela.ramirez@example.com,73617,0208635365
269,pamela ramrez,brooksmouth,david ocurt 39,pamela.ramirez@example.com,73617,0208635365
270,nicole gonzalez,east jenniferfort,porter cape 80,nicole.gonzalez@example.com,68570,0518705349
271,larry robertson,south vicki,velazquez island 190,larry.robertson@example.com,97405,0937597383
272,larry rocertson,south vicki,velazquez isalnd 190,larry.roertson@example.com,97405,0937597383
273,larr yrobertson,south vicki,velazqufz island 190,larry.robertson@example.com,97405,0937597383
274,linda romero,cabrerastad,erickson hills 149,linda.romero@example.com,43917,0182619906
275,veronica silva,lake brett,candice greens 34,veronica.silva@example.com,63474,0344565574
276,veornica silwa,lake brett,candice grenes 34,veronica.silva@example.com,63474,0344565570
277,mark harvey,north ashley,hernandez springs 56,mark.harvey@example.com,92319,0521356804
278,mark hbrvey,north ashley,herandez springs 56,mark.harvey@example.com,92319,0521356804
279,albert edwards,shawfort,robert ford 34,albert.edwards@example.com,96948,0365199410
280,michele stone,edwardsburgh,bolton neck 51,michele.stone@example.com,60750,0721510702
281,gloria gomez,west angela,bishop fields 111,gloria.gomez@example.com,29974,0670662532
282,gloria goez,west angela,bishop fields 111,gloria.gomez@example.com,29974,0670662532
283,gloria gomez,west angela,cishop fields 111,gloria.gomez@example.com,29974,0670662532
284,vickie wise,timothyside,hannah overpass 145,vickie.wise@example.com,95090,0856420593
285,vickie xise,timothyside,hannah voerpass 145,vickie.wise@example.co,95090,0856420593
286,vickie wise,timothyside,hannah voerpass 145,vickie.wise@example.com,95090,0856420593
287,bryan rhodes,stephanieberg,huang locks 180,bryan.rhodes@example.com,38571,0599293784
288,brybn rohdes,stephanieberg,huang locks 180,bryan.rhodes@example.com,38571,0599293784
289,tyler miller,lewisside,douglas summit 38,tyler.miller@example.com,36038,0921851569
290,tymer miller,lewisside,douglas summit 38,tyler.miller@example.com,36038,0921831562
291,tyler miller,lewisside,eouglas summit 38,tyler.miller@example.co,36038,0921851569
292,melissa taylor,lake jesse,john skyway 157,melissa.taylor@example.com,13634,0391725135
293,mitchell garcia,south denise,adam plaza 43,mitchell.garcia@example.com,62851,0157043315
294,mitchel garcia,south denise,adam plaza 43,mitchell.garcia@example.com,62851,0157043315
295,curtis maynard,lake audreyside,mitchell circle 123,curtis.maynard@example.com,97322,0932710405
296,csutis maynard,lake audreyside,mitchell circle1 23,curtis.maynard@example.com,97322,0932710405
297,taylor gentry,north wendy,robert villages 156,taylor.gentry@example.com,52535,0620153368
298,charlotte curry,ashleyville,mcdowell branch 187,charlotte.curry@example.com,44415,0844431069
299,william daniels,nelsonville,small dale 126,william.daniels@example.com,43844,0205061497
300,william daoiesl,nelsonville,small dale 126,william.daniels@example.com,43844,0205061497
301,jimmy scott,ashleyborough,alexis junction 48,jimmy.scott@example.com,23503,0565270477
302,jimmys cot,ashleyborough,alexis junction 48,jimmy.scott@example.com,23503,0565270477
303,jimmy scott,ashleyborough,alexis jucntion 48,jimmy.scott@example.com,23503,0765270472
304,margaret sullivan,caldwellburgh,robertson corners 45,margaret.sullivan@example.com,18931,0233206163
305,timothy smith,stephanieport,young terrace 161,timothy.smith@example.com,76845,0294511686
306,alexandra valdez,parkerfurt,bryan crest 71,alexandra.valdez@example.com,90426,0870998616
307,alexnadra valdez,parkerfurt,bryan crest 71,alexandra.valdez@example.com,90426,0870998616
308,stephanie padilla,michaelbury,vaughn route 122,stephanie.padilla@example.com,29222,0024629960
309,karen gibson,toddborough,perry plaza 85,karen.gibson@example.com,32936,0307450544
310,karen gibson,toddborough,perrz plaza 85,karen.gibson@example.com,32936,0307450544
311,karn gibson,toddborough,perry plaza 85,karen.gibson@example.com,32936,0307450544
312,linda cobb,new danielside,rice lake 80,linda.cobb@example.com,66756,0862890233
313,joshua martin,davishaven,wilson ford 64,joshua.martin@example.com,58891,0070534578
314,jody palmer,chambersport,elliott points 32,jody.palmer@example.com,95302,0035797279
315,david smith,cooperland,beth cape 89,david.smith@example.com,71432,0241406029
316,taylor jones dvm,port darlene,justin falls 55,taylor.jones.dvm@example.com,96090,0333468007
317,jennifer haney,millerside,west lane 166,jennifer.haney@example.com,17932,0290349446
318,hannah white,port adam,rice stream 90,hannah.white@example.com,3480,0743748969
319,hannah white,port adam,rice stream 90,hannah.white@example.com,3480,0743748969
320,hannah white,port adam,rice strfam 90,hannah.white@example.com,3480,0743748969
321,julie ball,east steven,patel view 185,julie.ball@example.com,20833,0074466609
322,timothy hardy,mendeztown,antonio shore 147,timothy.hardy@example.com,32045,0353875842
323,brian johnson,gonzalesside,john cape 143,brian.johnson@example.com,28978,0241724825
324,patty taylor,barbaramouth,young street 57,patty.taylor@example.com,31552,0534655494
325,charles keller,new stacyburgh,robert harbor 31,charles.keller@example.com,82551,0709991738
326,charles keller,new stacyburgh,robert harbor 31,charles.kelle@example.com,82551,0709921738
327,dhraes keller,new stacyburgh,roert ahrbor 31,charles.keller@example.com,82551,0709991738
328,kristi williams,floydmouth,david skyway 137,kristi.williams@example.com,91767,0350583003
329,ksisti williams,floydmouth,dbvid skyway 137,kristi.williams@example.com,91767,0350583003
330,kristi williams,lfydmouth,david skyway 173,kristi.williams@example.com,91767,0350583003
331,chase bennett,meredithberg,allen fork 94,chase.bennett@example.com,61190,0064890901
332,kristina faulkner,west deborah,paul glens 6,kristina.faulkner@example.com,59455,0016761847
333,anna hardy,port charlesshire,brett lane 53,anna.hardy@example.com,95437,0046184992
334,claire clark,east suzanne,turner bridge 27,claire.clark@example.com,15877,0891411739
335,claire clark,east suzanne,turner bridge 2,claire.clark@example.com,15877,0891411739
336,cmaire clark,east suzanne,tuner bridge 27,claire.clark@example.com,15877,0891411739
337,nicole rocha,kimberlyfurt,randy garden 76,nicole.rocha@example.com,61613,0470120455
338,heather green,gillmouth,owens unions 30,heather.green@example.com,27125,0100225579
339,heathe rgreen,gillmouth,owens unions 30,heather.green@example.com,27125,0100225579
340,jason hart,angelashire,joyce brook 179,jason.hart@example.com,76410,0021697972
341,elizabeth gonzalez,south andrea,noah village 92,elizabeth.gonzalez@example.com,90265,0902771670
342,elizabeth gonzalfz,south andrea,noah village 92,elizabeth.gonzalez@example.com,90265,0902771670
343,elizabeth gonzalez,south andrea,noah village 29,elizaeth.gonzalez@example.com,90265,0902771670
344,phillip burns,garyside,murray street 127,phillip.burns@example.com,64505,0217535408
345,phillipburns,garyside,murray street 17,phillip.burns@example.com,64505,0217535408
346,pihlliq urns,garyside,murray street 127,phillip.burns@example.com,64505,0217535408
347,steve mooney,port elizabethtown,alexandria villages 117,steve.mooney@example.com,54554,0550375899
348,mark jones,brooksfort,albert parkways 169,mark.jones@example.com,86914,0571130554
349,aaron arnold jr,new lisachester,nichols heights 96,aaron.arnold.jr.@example.com,23997,0102726149
350,aaron arnold jr,new lisachester,nichols heighst 96,aaron.arnold.jr.@example.com,23997,0102726149
351,brent hernandez,josephfurt,christine glen 32,brent.hernandez@example.com,10858,0779827080
352,jared cunningham,lake victoriaton,kevin views 111,jared.cunningham@example.com,12756,0978292216
353,james alvarez,brucemouth,jacqueline corner 156,james.alvarez@example.com,74668,0586693465
354,valerie jacobson,nelsonland,jerry ways 116,valerie.jacobson@example.com,90210,0226984858
355,stephanie elliott,alexisborough,harry vista 52,stephanie.elliott@example.com,77444,0394522885
356,robert nicholson,new mary,kevin port 195,robert.nicholson@example.com,51508,0587996846
357,kimberly reyes,new juliestad,krystal spurs 134,kimberly.reyes@example.com,7539,0106200342
358,david jones,lake joshuamouth,novak islands 175,david.jones@example.com,64805,0420438057
359,davi djones,lake joshuamouth,novak island 175,david.jones@example.com,64805,0420438057
360,juan bennett,millerport,erin shore 159,juan.bennett@example.com,32803,0735989334
361,angela moore,danieltown,jodi island 175,angela.moore@example.com,40906,0122816064
362,philip garcia,garcialand,jacob mission 34,philip.garcia@example.com,46889,0294057202
363,linda mueller,maxwellside,smith loop 153,linda.mueller@example.com,32317,0094798515
364,carolyn james,thomasburgh,joseph grove 48,carolyn.james@example.com,57474,0818268861
365,elijah patton,wheelerborough,king gateway 55,elijah.patton@example.com,60513,0555439878
366,eric rush,scottchester,skinner light 167,eric.rush@example.com,85833,0015739930
367,brandy flores,novakport,timothy fall 83,brandy.flores@example.com,96822,0616484085
368,katherine johnston,diazshire,mark harbors 131,katherine.johnston@example.com,26689,0770435811
369,katherne johnston,diazshie,mark harbors 31,katherine.johnston@example.com,26689,0770435811
370,kimberly maldonado,south lauren,stephanie mountain 46,kimberly.maldonado@example.com,91312,0481934667
371,ryan pope,west donna,taylor hollow 111,ryan.pope@example.com,94248,0506180919
372,ryan pope,wets donna,taylor hollow 111,ryan.pope@example.com,94248,0506180919
373,james cole,stephensstad,aguilar place 101,james.cole@example.com,92465,0842450882
374,james cole,stephensstad,aguilas place 101,james.cole@example.com,92465,0842450882
375,kimberly little,gabrielton,daniel gateway 132,kimberly.little@example.com,74323,0222394312
376,miss jennifer goodwin,jeffreyhaven,rodriguez courts 146,miss.jennifer.goodwin@example.com,73638,0087814141
377,miss jennifer goodwin,jeffreyhaven,rodriguez courts 146,miss.jennifer.goodwin@example.com,73638,0087814141
378,miss jennifer goodin,jeffreyhaven,rodriguze ousts 146,miss.jennifer.goodwin@example.com,73638,0087814141
379,laura griffin,west whitney,ford springs 93,laura.griffin@example.com,63778,0257775478
380,laura grfifin,west whitney,frod springt 93,laura.griffin@example.com,63778,0257775478
381,jason nixon,west larry,marie stream 197,jason.nixon@example.com,60182,0930848872
382,kelly bailey,floresport,samuel square 58,kelly.bailey@example.com,6357,0942788165
383,ashley sweeney,new greg,erica expressway 170,ashley.sweeney@example.com,21490,0392827229
384,jeffery murray,fosterborough,soto ferry 169,jeffery.murray@example.com,59427,0275037314
385,jasmine bush,new cristianside,joshua squares 11,jasmine.bush@example.com,25006,0385677005
386,jasmine bush,new cristianside,joshua squarfs 11,jasmine.bush@example.com,25006,0385677005
387,jasmine bush,new cristianside,joshua squares 11,jasmine.bush@example.com,25006,0385677005
388,craig wilson,candicefurt,rose route 43,craig.wilson@example.com,77440,0318432225
389,harold ellis,samanthashire,lisa squares 31,harold.ellis@example.com,11609,0365177739
390,iarold eils,samanthashire,lia squases 31,harold.elis@example.com,11609,0367177739
391,harold ellis,samanthashire,lisa sruares 31,harold.ellis@example.com,11609,0365177739
392,emily allen,new paul,isaac square 68,emily.allen@example.com,78675,0257991366
393,emily almen,new paul,isaac square 6,eily.allen@example.co,78675,0257991366
394,james lopez,donaldmouth,angela overpass 155,james.lopez@example.com,59614,0806865086
395,james lopez,donaldmouth,angela overpass 155,james.lopez@example.com,59614,0806865086
396,jbmes lopez,donaldmouth,ngela overpass 155,james.lopez@example.com,59614,0806865086
397,sharon crane,maynardhaven,taylor via 177,sharon.crane@example.com,86100,0565126944
398,michael perry phd,port kathleenport,jackson port 109,michael.perry.phd@example.com,4786,0959463688
399,joshua jackson,dunnville,cunningham trail 95,joshua.jackson@example.com,75567,0887449562
400,reginald morrow,port jenniferside,weaver throughway 169,reginald.morrow@example.com,29145,0137213865
401,ashley greer phd,bakerland,golden bypass 158,ashley.greer.phd@example.com,58050,0026012796
402,asiley greer phd,bakerland,golden bypass 158,ashle.greer.phd@example.com,58050,0026012796
403,ashley rfer phd,bakesland,golden bypass 158,ashley.greer.phd@example.com,58050,0026012796
404,autumn cain,michellechester,lisa radial 133,autumn.cain@example.com,22256,0011848955
405,rachel li,candiceburgh,ashley place 71,rachel.li@example.com,42922,0393769042
406,eileen armstrong,sellersview,derek terrace 28,eileen.armstrong@example.com,86470,0818451848
407,sean wright,burnsshire,poole trace 148,sean.wright@example.com,83391,0476973577
408,jason hayes,heatherstad,richard summit 8,jason.hayes@example.com,60098,0714163356
409,erin smith,melissaside,jessica mount 133,erin.smith@example.com,52630,0804341651
410,jeffrey lewis,amyberg,morris haven 46,jeffrey.lewis@example.com,74706,0755394237
411,rachel shannon,smithburgh,brandon road 61,rachel.shannon@example.com,58341,0343333952
412,william patterson,port sarah,nicole hollow 31,william.patterson@example.com,36417,0179080759
413,isaac miller,jessicabury,brett road 148,isaac.miller@example.com,56761,0472846392
414,isaac miller,jessicabury,bertt road 148,isaac.miller@example.com,56761,0472846392
415,isabcm iller,jessicabury,brett road 148,isaac.miller@example.com,56761,0472846392
416,michele smith,new erin,miller ramp 94,michele.smith@example.com,1718,0276365564
417,greg martinez,east patrickville,benson neck 147,greg.martinez@example.com,14027,0293143866
418,greg mrtinez,east patrickville,benson neck 147,greg.marinez@example.com,14027,0293143866
419,stanley taylor,north alyssa,darlene springs 26,stanley.taylor@example.com,1611,0203471754
420,carly bell,jensenmouth,courtney drive 144,carly.bell@example.com,28975,0845061593
421,brian goodwin,kyliebury,bell meadow 167,brian.goodwin@example.com,36803,0824558771
422,danielle burke,port melanieport,maxwell spurs 74,danielle.burke@example.com,27429,0722569961
423,daniemle burke,port melanieport,maxwell spurs 74,danielle.burke@example.com,27429,0722569961
424,danilele bukf,port melanieport,mawxell spurs 74,danielle.burke@example.com,27429,0722569901
425,katrina adkins,south paul,lucas tunnel 7,katrina.adkins@example.com,32100,0681149216
426,mr joseph levine dvm,diazburgh,anderson wall 64,mr.joseph.levine.dvm@example.com,62237,0472282005
427,patricia smith,north stacyfurt,alexander forge 84,patricia.smith@example.com,66903,0778487282
428,micheal wang,west christopher,miles corner 117,micheal.wang@example.com,10858,0968845783
429,christina morton,west hollybury,myers roads 114,christina.morton@example.com,8090,0456424008
430,tim wilson,north alexander,kyle streets 35,tim.wilson@example.com,18485,0547807740
431,carla benton,jessicaville,jackson crossroad 75,carla.benton@example.com,4348,0930853686
432,jeffrey warren,south spencerstad,joseph ports 42,jeffrey.warren@example.com,7767,0663416389
433,mr jacob scott jr,north micheletown,jeremy pass 176,mr.jacob.scott.jr.@example.com,32554,0448463122
434,mr jacob scott jr,north micheletown,kreemy pss 176,mr.jacob.scott.jr.@example.com,32554,0448463122
435,mr jacob scottjr,north micheletown,jeremy pass 176,mr.jacob.scott.jr.@example.com,32554,0448463122
436,jack mora,new lindachester,sarah walks 193,jack.mora@example.com,29928,0204618723
437,jason cortez,davidton,mckenzie ports 65,jason.cortez@example.com,24008,0601367303
438,jose williams,kiaraport,jones mountain 198,jose.williams@example.com,43400,0183764520
439,jesus wood,south micheal,elliott hollow 141,jesus.wood@example.com,65166,0814743503
440,dr morgan payne phd,east ambertown,adam lodge 61,dr.morgan.payne.phd@example.com,44412,0650249163
441,dr morgan payne phd,east ambertown,adm lodge 61,dr.morgan.payne.phd@example.com,44412,0650229163
442,matthew sweeney,south travis,garcia pines 180,matthew.sweeney@example.com,8351,0812735857
443,brenda ramirez,haynesstad,samantha vista 6,brenda.ramirez@example.com,60592,0652407784
444,angela davis,new ashleychester,dana lock 126,angela.davis@example.com,87328,0392855749
445,cynthia green,louisview,howe lock 142,cynthia.green@example.com,31120,0218274485
446,dale chan,owenschester,eric expressway 199,dale.chan@example.com,16326,0862095935
447,traci clark,north ericport,ford walk 169,traci.clark@example.com,92868,0863878294
448,amanda huff,west randy,hernandez station 165,amanda.huff@example.com,6917,0511810220
449,bmanda huff,west randy,hernandez station 165,amanda.huff@example.com,6917,0511810220
450,amaoda huff,west randy,hernandez station 165,amanda.huff@example.com,6917,0511810220
451,debbie ewing,hawkinsside,stephanie walk 158,debbie.ewing@example.com,33249,0480141381
452,debbie eing,hawkinsside,stephanie walk 158,debbie.ewing@example.com,33249,0480141381
453,brian leon,east james,alexander village 180,brian.leon@example.com,53006,0612286852
454,mark newman,north jamesmouth,lowery club 154,mark.newman@example.com,17381,0755855665
455,ryan lamb,east sandrachester,brad mountain 145,ryan.lamb@example.com,95453,0836845776
456,ryan lamb,east sandrachester,brad mountain 145,ryanlamb@example.com,95453,0836845776
457,allen vega,joshuaberg,michael ferry 147,allen.vega@example.com,5042,0921075224
458,lisa holland,brownview,jenkins plaza 150,lisa.holland@example.com,50703,0334419693
459,curtis wilkerson,south kimberlystad,crystal unions 186,curtis.wilkerson@example.com,63374,0572791940
460,kari durham,west carlatown,price falls 148,kari.durham@example.com,37323,0610556613
461,william moreno,lake john,terri courts 155,william.moreno@example.com,70452,0060480589
462,william moseno,lake john,terri courts 155,william.moreno@example.com,70452,0060480589
463,sylvia brown,kellyburgh,barbara union 34,sylvia.brown@example.com,23582,0517908641
464,evan rojas,staceyshire,sloan burgs 112,evan.rojas@example.com,19126,0227837693
465,chelsea travis,johnsonton,weaver extensions 189,chelsea.travis@example.com,30991,0833146591
466,chelsea travis,johnsonton,weaver exenisons 189,chlsea.travis@example.com,30991,0833146591
467,chelsfa trais,johnsonton,wfaver extensions 19,chelsea.trais@example.com,30991,0833146591
468,alicia woods,west jennifer,hardin flats 121,alicia.woods@example.com,42914,0053833884
469,charles bush,susanstad,kim vista 160,charles.bush@example.com,92846,0206980420
470,charles buht,susanstad,kim ivsta 160,charles.bush@example.com,92846,0206980420
471,charlse bush,susanstad,kimv ista 160,charles.bush@example.com,92846,0206980420
472,jennifer garcia,connerfort,morris estate 11,jennifer.garcia@example.com,85590,0384576205
473,michael hoffman,south kurt,walker radial 91,michael.hoffman@example.com,90743,0438404608
474,christopher smith,east carriebury,rosales trail 58,christopher.smith@example.com,84340,0256216893
475,taylor taylor,lake nicole,john island 147,taylor.taylor@example.com,12130,0264957823
476,meagan daniel,east heather,griffin greens 149,meagan.daniel@example.com,46439,0832482629
477,brian smith,south trevor,kim manor 82,brian.smith@example.com,50139,0188125205
478,james poole,west andrewview,francisco cliffs 106,james.poole@example.com,14227,0647423122
479,james poole,west andrewview,grancisco cliffs 106,james.poole@example.com,14227,0647423122
480,james poole,west andrewview,francico clifsf 106,james.poole@example.com,14227,0647423122
481,christopher bennett,brookefort,amy course 106,christopher.bennett@example.com,92841,0333127975
482,tommy martin,jamieborough,moore courts 64,tommy.martin@example.com,54146,0660965699
483,miranda blair,north brandon,guerrero hills 135,miranda.blair@example.com,75444,0081770388
484,katherine brown,gonzaleztown,ronald hill 189,katherine.brown@example.com,27626,0086803476
485,edgar miller,burnsview,kyle locks 199,edgar.miller@example.com,12446,0472649082
486,jasmine watson,west scottview,wood mission 166,jasmine.watson@example.com,30155,0718129826
487,kristy hernandez,arellanoshire,christopher key 116,kristy.hernandez@example.com,30321,0027937145
488,sara cardenas,armstrongbury,sheppard spur 183,sara.cardenas@example.com,62925,0211175186
489,james nash,north stacy,wayne path 131,james.nash@example.com,59357,0926860259
490,william stanton,lake ryanberg,david manors 39,william.stanton@example.com,78495,0222064474
491,thomas sloan,arnoldview,christopher point 31,thomas.sloan@example.com,68617,0230940777
492,shane buchanan,new brianna,rodriguez drive 2,shane.buchanan@example.com,99903,0973397767
493,shane budhanan,new brianna,rodriuez dirve 2,shane.buchanan@example.com,99903,0973397767
494,ariel garcia,natalieview,kristi ways 148,ariel.garcia@example.com,50707,0945101622
495,laura kennedy,williamsmouth,joshua divide 157,laura.kennedy@example.com,91008,0998279501
496,patrick mccall,larryfort,smith viaduct 83,patrick.mccall@example.com,91751,0561681472
497,patricl mccall,larryfort,smth viaduct 83,patrick.mccall@example.co,91751,0561681472
498,patrick nccall,larryfort,smith viaduct 83,patrick.mccall@example.com,91751,0560681472
499,valerie perez,josephchester,mccann mills 31,valerie.perez@example.com,79796,0071396605
500,chelsea lewis,lorihaven,figueroa trace 164,chelsea.lewis@example.com,21337,0303441448
501,michael powell,port brian,glenn wells 197,michael.powell@example.com,4835,0015569902
502,michael powell,port brian,glfnn wells 197,michael.powell@example.com,4835,0015569902
503,michael powell,port brian,glenn wells 197,michael.powell@example.com,4835,0015569902
504,thomas bush,reidville,richardson mountain 176,thomas.bush@example.com,89783,0551240568
505,jaime wheeler,maxview,susan mountains 147,jaime.wheeler@example.com,98668,0962914504
506,ann johnson,port jeffrey,frank ports 128,ann.johnson@example.com,30006,0357438421
507,debra ortiz,south rhondaburgh,michelle trafficway 10,debra.ortiz@example.com,79293,0317807823
508,courtney franklin,rodneyfurt,marquez station 124,courtney.franklin@example.com,46207,0845218230
509,daniel turner,annaport,silva avenue 183,daniel.turner@example.com,39622,0810409157
510,karen rogers,joseport,davidson wall 27,karen.rogers@example.com,25189,0840943533
511,karen rogers,joseport,davdsno wall 27,karen.rogers@example.com,25189,0840943533
512,kareo rogers,joseport,davidson wall 2,karen.rogers@example.com,25189,0840943533
513,ralph yoder,lake anthony,guerrero springs 101,ralph.yoder@example.com,65692,0299795453
514,deanna barnes md,west jessica,brandy ports 172,deanna.barnes.md@example.com,29646,0817921717
515,margaret alvarez,port diane,romero vista 165,margaret.alvarez@example.com,73671,0773329456
516,margaret alvarez,port diane,romero vista 16,margaret.alvarez@example.co,73671,0773329456
517,margaret alvarez,port diane,romero vista 165,margaret.alvarez@example.com,73671,0773329456
518,brent anderson,lake rachel,hardy points 141,brent.anderson@example.com,86279,0276153966
519,henry garner,jorgeport,fisher isle 88,henry.garner@example.com,61287,0832197199
520,julie delacruz,port erinhaven,thomas fields 143,julie.delacruz@example.com,39607,0172461919
521,seth hernandez,thomasburgh,matthew port 98,seth.hernandez@example.com,11093,0570132902
522,mr christopher walters,new kathy,shannon fords 116,mr.christopher.walters@example.com,64670,0846997335
523,mr christopher walters,new kathy,shannon fords 116,mr.christopher.walters@example.com,64670,5846997335
524,mr christopher wlaters,new kathy,shannon fords 116,mr.christopher.walters@example.com,64670,0846967335
525,penny anderson,sanfordfurt,schultz lodge 104,penny.anderson@example.com,1112,0668327238
526,curtis watson,north erica,patricia throughway 93,curtis.watson@example.com,82642,0624220102
527,courtney wiley,garyton,anderson lights 125,courtney.wiley@example.com,39586,0621267969
528,courtney wiley,garyton,bnderson lights 125,courtney.wiley@example.com,39586,0621267969
529,courtney wiley,garytpn,anderson lights1 25,courtney.wiley@example.com,39586,0621267969
530,joy meyer,west wendy,hamilton spur 157,joy.meyer@example.com,64749,0137189490
531,colin vaughan,east jessica,smith fork 137,colin.vaughan@example.com,77793,0077879565
532,barbara dawson,kelseyton,nicholas route 76,barbara.dawson@example.com,78347,0420949407
533,mary valdez md,new johnnyberg,robert light 147,mary.valdez.md@example.com,27435,0049047128
534,mary valdfz md,new johnnyberg,robfrt light 147,mary.valdez.md@example.com,27435,0049047128
535,mary valdez nd,new johnnyberg,robert light 147,mary.valdez.md@example.com,27435,0049047128
536,lorraine turner,south maria,elaine groves 127,lorraine.turner@example.com,14252,0663723950
537,lisa campbell,port jose,tyler rest 194,lisa.campbell@example.com,69070,0102767478
538,lisa cmbpell,port josf,tyler rest 194,lisa.campbell@example.com,69070,0102747478
539,ljsa campbell,port jose,tyler rest1 94,lisa.campbell@example.com,69070,0102767478
540,heather ortiz,lake sarah,benjamin parks 177,heather.ortiz@example.com,43833,0258001061
541,adam davis,hernandezland,mary skyway 176,adam.davis@example.com,67571,0753443009
542,adam davis,hernandezland,mary skyway 176,adam.davis@example.com,67571,0753443009
543,nathaniel conway,stevenville,stephen hill 29,nathaniel.conway@example.com,23399,0244717465
544,nbthaniel conway,stevenville,stephen hill 29,nathaniel.conway@example.co,23399,0244717465
545,sarah ward,port katherineton,simmons crescent 37,sarah.ward@example.com,1768,0863917410
546,asrah wrd,port katherineton,simmons crescent 37,sarah.wad@example.com,1768,0863916410
547,sarah ward,port katherineton,simmons crecsen 37,sarah.ward@example.com,1768,0863917410
548,mary jackson,natalieland,kline road 166,mary.jackson@example.com,49341,0158517432
549,catherine morales,marshburgh,nelson lights 99,catherine.morales@example.com,15319,0346157173
550,catherioem orales,arshcurgh,nelson lights 99,catherine.morales@example.com,15319,0346157173
551,nicholas jarvis,phammouth,dale ramp 134,nicholas.jarvis@example.com,24259,0782931027
552,peggy carr,south scottland,timothy oval 121,peggy.carr@example.com,34791,0903202041
553,alexandria oneill,aprilville,tiffany skyway 44,alexandria.oneill@example.com,57235,0911179931
554,danielle reed,north dawnburgh,hernandez views 110,danielle.reed@example.com,66766,0565198253
555,sarah booth,west tara,karen islands 152,sarah.booth@example.com,7100,0251142625
556,krista gray,millerfort,christian mills 113,krista.gray@example.com,59099,0390219620
557,william mcgee,new andrealand,curtis loop 21,william.mcgee@example.com,79695,0002194672
558,william mcgee,new andrealand,cutis loop 21,william.mcgee@example.com,79695,0002164672
559,wilmiam cgee,new andrealand,curtis loop 21,william.mcgee@example.com,79695,0002194672
560,marcia wu,michaelton,diamond motorway 54,marcia.wu@example.com,29719,0403127722
561,evelyn saunders,wilsonbury,moran lakes 12,evelyn.saunders@example.com,788,0054364597
562,evelyn suandrs,wilsonbury,morbn lakes 12,evelyn.saunders@example.com,788,0054364597
563,ronald brandt,north pennyfort,kelley landing 84,ronald.brandt@example.com,18909,0315313636
564,natalie ortiz,port philipmouth,carr field 19,natalie.ortiz@example.com,25480,0797062397
565,natale ortjz,port philipmouth,cars fiel 19,natalie.ortiz@example.com,25480,0797062397
566,nataie ortiz,port philipmouth,carr field 19,natalie.ortiz@example.co,25480,0799062397
567,ashley perry,barretthaven,kelsey mission 122,ashley.perry@example.com,18148,0740633569
568,ashley perry,barretthaven,kelsey mission 122,ashley.perry@example.com,18148,0740633369
569,april fitzgerald,lake beth,roberson orchard 22,april.fitzgerald@example.com,96248,0806325431
570,april fitzgeramd,lake beth,roberson orcahsd 22,april.fitzgerald@example.com,96248,0806325431
571,april fitzgerald,lake beth,roberson orchard 22,april.fitzgerald@example.com,96248,0806325431
572,ashley sandoval,pettybury,gordon lights 54,ashley.sandoval@example.com,36361,0195085016
573,grant phillips,meganside,devon rapids 159,grant.phillips@example.com,41645,0055281832
574,taylor chen,glendaberg,jason station 62,taylor.chen@example.com,93614,0817933554
575,tina gordon,annashire,page trace 109,tina.gordon@example.com,75295,0401557788
576,michelle craig,new danielfurt,rich manors 121,michelle.craig@example.com,19549,0884795137
577,michelle craig,new danielfurt,rih manors 121,michelle.craig@example.com,19549,0884795137
578,michelle csaig,new danielfurt,ric hmanors 121,michellecraig@example.com,19549,0884795137
579,anthony adams,dwayneton,tonya springs 88,anthony.adams@example.com,91018,0579887749
580,anthpy adams,dwayneto,tonya sprins 88,anthony.adams@example.com,91018,0579887749
581,antioy adams,dwayneton,tonya sprinsg 88,anthony.adams@example.com,91018,0579887749
582,christina weaver,lake deborah,cervantes cove 96,christina.weaver@example.com,51473,0782841067
583,richard lindsey,hughesmouth,schwartz causeway 118,richard.lindsey@example.com,72869,0520885474
584,patrick harris,kariside,greer roads 194,patrick.harris@example.com,97291,0929751702
585,patty brandt,east sydneyhaven,cole springs 30,patty.brandt@example.com,16144,0406937515
586,ptat brandt,east sydneyhaven,cole springs 30,patty.brandt@example.com,16144,0406937515
587,jeffrey hawkins,adammouth,eugene vista 82,jeffrey.hawkins@example.com,93521,0998056265
588,amanda mcfarland,tracyshire,kim road 4,amanda.mcfarland@example.com,72611,0455478137
589,richard stewart,port williamchester,susan pike 107,richard.stewart@example.com,71683,0742662991
590,richard stewart,port williamchester,susan ipkf 107,richard.stewart@example.com,71683,0742662991
591,richard stewart,port williamchester,susan pike 107,richard.stewart@example.com,71683,0742662991
592,anna walker,kellyhaven,elizabeth isle 119,anna.walker@example.com,62741,0300244714
593,samantha zavala md,north felicia,griffin row 126,samantha.zavala.md@example.com,42566,0301471959
594,robert wilson,new lynnstad,fernandez haven 112,robert.wilson@example.com,67912,0471589042
595,jill williams,east teresaside,luke corner 38,jill.williams@example.com,70389,0572520456
596,austin santiago,east amandachester,michelle manors 92,austin.santiago@example.com,85247,0044818321
597,andrea parks,north charlesburgh,stephen isle 43,andrea.parks@example.com,33519,0855445189
598,laura perez,hamiltontown,russell mission 37,laura.perez@example.com,51553,0028457652
599,laura perez,hamiltontown,russell mission 37,laura.perez@example.com,51553,0028457652
600,kimberly may,lake melaniestad,katelyn prairie 20,kimberly.may@example.com,66408,0120754527
601,richard turner,fostertown,juan mill 153,richard.turner@example.com,62627,0852401322
602,daniel francis,ericastad,choi divide 79,daniel.francis@example.com,1962,0232161107
603,kristen martinez,west jasonstad,ashley lock 11,kristen.martinez@example.com,28253,0310890714
604,kristen martinez,west jasonstad,asheyl ock 11,kristen.martinez@example.com,28253,0310890715
605,kristen martinez,west jasonstad,ashley lokc 11,kristen.martinez@example.com,28253,0380890714
606,matthew hunt,jamesburgh,jack ridges 2,matthew.hunt@example.com,88447,0138759271
607,matthew hunt,jamesburgh,jack ridges 2,matthew.hunt@example.com,88447,0138759271
608,matthew hunt,jamesburgh,jackrieges 2,matthew.hunt@example.com,88447,0138759271
609,sarah york,emilyview,newman cliffs 142,sarah.york@example.com,13372,0646317520
610,kevin lynn,north justin,anderson shoal 126,kevin.lynn@example.com,9650,0167811266
611,emily hayes,lindseychester,steele drives 27,emily.hayes@example.com,22604,0215353961
612,emily hayes,lindseychester,steele drives 27,emily.hayes@example.com,22604,0215353961
613,emily hayes,lindseychester,steele dives 27,mily.hayes@example.com,22604,0215353961
614,david walker,lake jessica,hill lake 7,david.walker@example.com,63409,0269524991
615,ian torres,port juanberg,gregory rest 170,ian.torres@example.com,71098,0877347784
616,nicholas sims,port bonniefurt,patricia vista 139,nicholas.sims@example.com,77838,0800616756
617,andrew green,philipshire,valdez drive 10,andrew.green@example.com,96606,0028427624
618,brandi mason,lake johnburgh,randy parkway 125,brandi.mason@example.com,99749,0197889778
619,jill white,billyfort,jill orchard 130,jill.white@example.com,30876,0064796954
620,jacob williams,paulmouth,april turnpike 8,jacob.williams@example.com,6587,0902559056
621,jacbo williams,paulmouth,april turopike 8,jacob.williams@example.com,6587,0902559056
622,jacob willams,paulmouth,april turnpike 8,jacob.williams@example.com,6587,0902559056
623,matthew garcia,south desiree,davenport greens 83,matthew.garcia@example.com,48381,0917135785
624,matthew garcia,south desiree,davenport greens 83,matthew.garcia@example.com,48381,0917135785
625,matthew garica,south desiree,davenport greens 83,matthew.garcia@example.com,48381,0917135785
626,stephanie miller,gomezstad,bennett fork 136,stephanie.miller@example.com,64314,0763514846
627,stacy smith,new dawnborough,scott forks 81,stacy.smith@example.com,20193,0366498782
628,jack love,jenniferfort,donna mall 161,jack.love@example.com,89004,0829737489
629,daniel martin,new brittany,johnson cape 112,daniel.martin@example.com,18159,0908357232
630,amanda armstrong,greeneshire,gabriel falls 196,amanda.armstrong@example.com,84075,0466513644
631,nathan stanley,obrienfort,valentine forge 66,nathan.stanley@example.com,63634,0936312303
632,ronald burke,garymouth,cindy pass 80,ronald.burke@example.com,59938,0778660324
633,ronald burke,garymouth,cindy pass 0,ronald.buke@example.co,59938,0778660324
634,ronald burke,garymouth,cindy pass 80,ronald.burke@example.com,59938,0778660324
635,andrea gray,serranoville,daniel flats 129,andrea.gray@example.com,23756,0189847139
636,andrea grby,serranoville,dnaiel flats 129,andra.gray@example.com,23756,0189847139
637,andrea gary,serranoville,daniel flats 129,andre.gray@example.com,23756,0189847139
638,lucas williams,new amber,christopher shoals 156,lucas.williams@example.com,658,0003486451
639,patricia banks,perezfort,wood cape 61,patricia.banks@example.com,50470,0760644134
640,patricia banks,perezfort,wood cape 61,patrica.banks@example.com,50470,0760644134
641,robert velez,cannonland,ronald glens 109,robert.velez@example.com,37629,0124815698
642,kimberly scott,new alexandrahaven,jenna turnpike 117,kimberly.scott@example.com,1443,0002720634
643,daniel brock,pearsonview,cox drives 22,daniel.brock@example.com,34750,0123829657
644,jessica diaz,south andrea,braun locks 189,jessica.diaz@example.com,73581,0242954316
645,mr justin king,fitzgeraldville,lane trail 101,mr.justin.king@example.com,98518,0693008931
646,richard avery,laurenton,jason locks 51,richard.avery@example.com,21569,0420696942
647,richard awey,laurenton,jason locks 51,richard.avery@example.com,21569,0420696942
648,richard avery,laurenton,jason locks 51,richard.avery@example.com,21569,0466696942
649,mark brock,davisview,thomas rapid 38,mark.brock@example.com,29568,0044397359
650,lee ramsey,jenniferton,mendez pike 118,lee.ramsey@example.com,23474,0107256366
651,jessica harris,new gavin,lee tunnel 66,jessica.harris@example.com,5227,0118005375
652,matthew cantrell,gomezfurt,wendy tunnel 172,matthew.cantrell@example.com,53644,0900489646
653,kelly mclaughlin,jessicaside,samantha plaza 34,kelly.mclaughlin@example.com,76907,0809242875
654,victor hill,west gregoryhaven,shawn lodge 34,victor.hill@example.com,14455,0158624150
655,kathy morgan,heatherfurt,leah glens 128,kathy.morgan@example.com,74316,0456449485
656,mr gerald rowe,south darrenland,mosley wall 43,mr.gerald.rowe@example.com,50658,0572870320
657,mr gerld rowe,south darrelnand,mosle ywall 43,m.gerald.rowe@example.co,50658,0572870320
658,wendy rhodes,zacharytown,lauren loop 44,wendy.rhodes@example.com,92358,0849939089
659,wendy riodes,zacharytown,laure nlooq 44,wendy.rhodes@example.co,92358,0849939089
660,danielle davis,edwardsborough,jones fall 182,danielle.davis@example.com,75698,0774905097
661,travis vega,lake john,victor flats 188,travis.vega@example.com,35288,0923045018
662,dale wright,north emmafort,moore coves 98,dale.wright@example.com,80956,0164236103
663,dalewrighu,north emmafort,moore coves 98,dale.wright@example.com,80956,0164236103
664,dale wright,north emmafort,moore coves 98,dale.wright@example.com,80956,0164236103
665,scott rubio,villanuevashire,watson island 110,scott.rubio@example.com,36510,0108573278
666,william moon iv,new laurenfort,karen crossroad 135,william.moon.iv@example.com,71380,0147617422
667,gregory dalton,stewarttown,stephen crest 77,gregory.dalton@example.com,2050,0386490810
668,jamie garcia,new jose,salazar green 131,jamie.garcia@example.com,35812,0661794549
669,jamie garcja,new jose,salazar green131,jamie.garcia@example.com,35812,0661794549
670,louis diaz,michaelfurt,coleman manor 172,louis.diaz@example.com,37152,0794523219
671,loius iaz,michaelfurt,coleman manor 172,louis.diaz@example.com,37152,0794163219
672,kenneth krause,lindaside,lisa stravenue 33,kenneth.krause@example.com,57152,0203103037
673,christina marsh,south victor,thomas branch 167,christina.marsh@example.com,83161,0368314727
674,michelle floyd,south coreyburgh,king walks 30,michelle.floyd@example.com,8370,0227770793
675,nichelle floy,south coreyburgh,king walks 30,michelle.floyd@example.com,8370,0227770793
676,michelle floyd,south coreyburgh,king walks 30,michele.floyd@example.com,8370,0227770793
677,david combs,michaelside,shannon isle 69,david.combs@example.com,73572,0671795760
678,david combs,michaelside,shannon isle 69,davi.combs@example.com,73572,0671795760
679,deanna smith,new barbara,michael springs 107,deanna.smith@example.com,85583,0572934172
680,deannasmith,new barbara,imchael springs 17,deanna.smith@example.com,85583,0572934172
681,veronica mitchell,prestonfurt,nunez oval 45,veronica.mitchell@example.com,80935,0801561931
682,mark thomas,welchshire,danielle junction 125,mark.thomas@example.com,53555,0455084289
683,andrea martin,jenniferfurt,lawrence shoal 181,andrea.martin@example.com,36054,0077119918
684,aodrea martin,jenniferfurt,lawrence thoal 181,andre.martin@example.com,36054,0077119918
685,priscilla mcmillan,east jessicaview,gutierrez ferry 52,priscilla.mcmillan@example.com,98002,0760375482
686,priscilla mcmillan,east jessicaview,gutierrez feryr 52,priscilla.mcmillan@example.com,98002,0760375482
687,priscilla mcmillan,east jessicaview,gutifrrez ferry 52,priscilla.mcmillan@example.com,98002,0760375482
688,angela jackson,kelleytown,cody wells 103,angela.jackson@example.com,52538,0260602908
689,whitney garcia,jeromeport,christopher loaf 108,whitney.garcia@example.com,58586,0684550489
690,bonnie roberson,michellemouth,austin knolls 180,bonnie.roberson@example.com,71356,0673899756
691,kimberly taylor,millsside,brittany motorway 78,kimberly.taylor@example.com,41088,0108562884
692,ikmberly taylor,millsside,brittany motorway 78,kimberly.taylor@example.com,41088,0108562884
693,kimberly taylor,millsside,brittany motorwaz 78,kimberly.taylor@example.com,41088,0108562884
694,karen perez,greenport,scott lakes 87,karen.perez@example.com,1884,0399893544
695,robert charles,lake sandrafort,mitchell place 184,robert.charles@example.com,39771,0926831589
696,robertcharles,lake sandrafort,mjtchell place 184,robert.charles@example.com,39771,0926831589
697,robert charles,lake sandrafort,mitchell place 184,robert.charles@example.com,39771,0926831589
698,jeffrey carter,jacobside,laura plaza 130,jeffrey.carter@example.com,57793,0277288137
699,christopher mclaughlin,christianbury,clayton forges 192,christopher.mclaughlin@example.com,68214,0285196115
700,susan aguirre,robertland,mitchell summit 11,susan.aguirre@example.com,24409,0821545447
701,susan agujrre,robertland,mitchell tummit11,susan.aguirre@example.com,24409,0821545447
702,brian gibson,lopeztown,nelson road 80,brian.gibson@example.com,20443,0975679228
703,joseph lopez,acostabury,julian crossroad 195,joseph.lopez@example.com,12323,0772519966
704,koseph lopez,acostabury,julian crossroad 195,joseph.lopez@example.com,12323,0872819966
705,joseph loqez,acostabury,julian crossroad 195,joseph.lopez@example.com,12323,0772519966
706,johnny peterson,steventon,floyd parks 137,johnny.peterson@example.com,43787,0204339718
707,paul thomas,whiteview,rowe cliffs 103,paul.thomas@example.com,50515,0907056260
708,barbara tate,lake virginia,paul mills 82,barbara.tate@example.com,26607,0641118242
709,barbabr tate,lake virginia,palu mlls 82,barbara.tate@example.com,26607,0641118242
710,ray boyd,sharonburgh,thomas springs 31,ray.boyd@example.com,82966,0033993788
711,natasha dunn,jameston,jon route 30,natasha.dunn@example.com,87886,0405786170
712,brian chen,brendafurt,smith underpass 60,brian.chen@example.com,32363,0048913824
713,andrew logan,kellibury,barker drives 115,andrew.logan@example.com,21170,0183258238
714,mr george booker dds,lake amanda,brian rue 143,mr.george.booker.dds@example.com,14577,0700794200
715,david holden,north hannah,trujillo mill 124,david.holden@example.com,47446,0494653984
716,david iolden,north hannah,trujillo mill 124,david.holden@example.com,47446,0494643484
717,danielle williams,lopezburgh,hansen plains 63,danielle.williams@example.com,71754,0553795020
718,nicholas hill,phillipsview,casey drives 2,nicholas.hill@example.com,71490,0026876811
719,aaron little,kimberlybury,gross brook 172,aaron.little@example.com,42535,0715695620
720,aaron little,kimberlybury,gross brook 172,aaron.little@example.com,42535,0715695620
721,aaron ltitle,kimbrlybury,gross brook 172,aaron.little@example.com,42535,0715695620
722,mary ryan,cannonberg,lee springs 169,mary.ryan@example.com,80853,0999219212
723,mary ryan,cannonberg,lee springs169,mary.ryan@example.com,80853,0999219212
724,jason morris,port sharonburgh,alexandra cliff 110,jason.morris@example.com,4600,0056641877
725,john garcia,brandonbury,barrett pine 195,john.garcia@example.com,79924,0030468750
726,alexis mccall,south laurieton,hebert village 86,alexis.mccall@example.com,47808,0190361332
727,teresa perry,allisonland,bauer centers 17,teresa.perry@example.com,40334,0107609543
728,teresa perry,allisonland,baer centers 17,teresa.perry@example.com,40334,0107609543
729,daniel stone,lopezhaven,jessica place 16,daniel.stone@example.com,86599,0065120704
730,mario white,emilychester,reese trafficway 111,mario.white@example.com,14145,0110804661
731,christopher morales,mahoneymouth,sandoval place 106,christopher.morales@example.com,72601,0399076769
732,erika watson phd,new amy,mckenzie islands 87,erika.watson.phd@example.com,49661,0078593110
733,tammy king,lake austinport,west locks 18,tammy.king@example.com,78588,0939284567
734,chad zamora,port leslie,kevin forges 114,chad.zamora@example.com,90903,0232002496
