row_id,uid,name,street,city,zip,email,phone
1,1,Allison Hill,Donald Cove 164,New Roberttown,12781,allison.hill@example.com,0104332181
2,2,Jonathan Johnson,Jennifer Squares 9,Robinsonshire,36964,jonathan.johnson@example.com,0013389083
3,3,Abigail Shaffer,Peterson Drives 180,Port Matthew,12657,abigail.shaffer@example.com,0863794026
4,4,Ian Cooper,Roman Stream 40,Herrerafurt,10829,ian.cooper@example.com,0351161559
5,4,Ian Cooper,Roman Stream 40,Herrerafurt,10829,in.cooper@example.co,0351161559
6,5,Sandra Montgomery,Ray Squares 75,North Donnaport,10959,sandra.montgomery@example.com,0131647525
7,6,Sharon James,Reid Lakes 172,West Michael,88342,sharon.james@example.com,0419283276
8,6,Sharon James,seid Lakes 172,West Michael,88342,sharon.jame@example.com,0419283276
9,7,Timothy Wong,Amanda Gardens 102,South Noah,84387,timothy.wong@example.com,0724238849
10,8,Colleen Nguyen,Jeremy Bypass 150,Richardland,28154,colleen.nguyen@example.com,0653287101
11,8,Collee nNguyen,Jeremy Bypass 150,Richardland,28154,colleen.nguyen@example.co,0653217101
12,9,Latoya Robbins,Diana Locks 76,Thomasberg,32826,latoya.robbins@example.com,0627048281
13,10,Kimberly Burgess,Hurst Locks 77,Jeffreyberg,67285,kimberly.burgess@example.com,0893252880
14,11,Peter Callahan Jr.,Laura Manors 126,South Patrickmouth,69853,peter.callahan.jr.@example.com,0015430391
15,11,Peter Callahan Jr.,Laura Maonrs 126,South Patrickmouth,69853,peter.callahan.jr.@example.com,0015430391
16,11,Peter Calalhan Jr.,Laura Manors 126,South Patrickmouth,69853,peter.callahan.jr.@example.com,0015430391
17,12,Juan Dunlap,Erin Plain 17,Kaylamouth,15122,juan.dunlap@example.com,0509839301
18,13,Christopher Smith,Stanton Track 16,New Rita,82460,christopher.smith@example.com,0310518347
19,13,Christopher Smith,Satnton Track 16,New Rita,82460,christopher.smith@example.com,0310518347
20,14,Mark Lynch,Nathaniel Estates 187,New Mariotown,15163,mark.lynch@example.com,0010651333
21,15,Sherry Decker,Allen Garden 36,North Jessicaland,70323,sherry.decker@example.com,0624731781
22,15,Sherry Decker,Allen Gbrden 36,oorth Jessicaland,70323,sherrydecker@example.com,0624731281
23,16,Betty Alvarez,Joseph Well 56,Brandtside,99495,betty.alvarez@example.com,0098050097
24,17,Christina Collins,Kim Path 136,Martinezbury,08893,christina.collins@example.com,0208121913
25,18,Kevin Hall,Adrian Station 146,East Carloston,43810,kevin.hall@example.com,0399091699
26,19,David Caldwell,Amber Stream 67,Sanchezfort,53855,david.caldwell@example.com,0353462475
27,20,Brent Jordan,Jenkins Way 19,Lake Deniseville,08445,brent.jordan@example.com,0079911838
28,20,Brent Jordan,Jenkins Way 19,Lake Deniseville,08445,brent.jordan@example.com,0079911838
29,20,Bent Jordan,Jenkns Way 19,Lake Deniseville,08445,brent.jordan@example.com,0079911838
30,21,Gerald Hensley,James Plain 68,Taylorburgh,37010,gerald.hensley@example.com,0874016400
31,22,Shannon Jones,Brent Plains 34,North Sarabury,22299,shannon.jones@example.com,0427868011
32,23,John Hancock,Franklin Alley 177,Bakermouth,37889,john.hancock@example.com,0280598262
33,23,John Hancock,Frankli Alley 177,Bakermouth,37889,john.hancock@example.com,0220598262
34,23,John Hancoc,Franklin Alley 177,Bakermouth,37889,john.hancock@example.com,0280598262
35,24,Tyler Cowan,Moore Hill 180,North Beth,71567,tyler.cowan@example.com,0160733754
36,25,Erik Williams,Shaw Walk 59,North Susan,11001,erik.williams@example.com,0303654145
37,26,Andrea Jones,Richard Port 103,New Brooke,81684,andrea.jones@example.com,0850142940
38,26,Andreb Jones,Richare Port 103,New Brooke,81684,andrea.jone@example.com,0850142940
39,26,Andrea Jons,Richard Port 130,New Brooke,81684,andrea.jones@example.com,0850142940
40,27,Matthew Cunningham,Donovan Ford 104,Johnfurt,17655,matthew.cunningham@example.com,0482366299
41,28,Elizabeth Stewart,Albert Road 141,North Amandahaven,35261,elizabeth.stewart@example.com,0044369957
42,29,Gregory Jones,Mike Estate 173,Bassport,80674,gregory.jones@example.com,0387214895
43,29,rGeory Jones,Mike Esuate 173,Bassport,80674,gregory.jons@example.com,0387214895
44,30,Dr. Kendra Contreras,Huynh Cove 63,West Darrell,14530,dr.kendra.contreras@example.com,0201632870
45,31,Brittney Campbell,Jennifer Ford 32,Williamview,07159,brittney.campbell@example.com,0727889579
46,32,Jeff Hill,Matthew Curve 130,Evanmouth,72810,jeff.hill@example.com,0687277434
47,33,Kristina Rodriguez,Amy Village 134,Brandiberg,56834,kristina.rodriguez@example.com,0734714345
48,34,Eric Nolan,Rachel Fords 139,Lake Curtis,73886,eric.nolan@example.com,0122362316
49,35,Jennifer Oliver,Sara Freeway 139,Port Lisa,54541,jennifer.oliver@example.com,0760366909
50,36,Norman Cook,Pham Way 2,West Erik,92418,norman.cook@example.com,0546688937
51,36,Norman Cook,Pham Way 2,West Erik,92418,norman.cook@example.com,0546688937
52,36,Normna ook,Pham ay 2,West Erik,92418,norman.cook@example.com,0546188937
53,37,Shane Garrison,James Mount 121,Kevinbury,29720,shane.garrison@example.com,0080531003
54,37,Shane Grrison,James Mount121,Kevinbury,29720,shane.garrison@example.com,0280131003
55,38,Corey Murphy,Tammy Harbors 149,Darlenefurt,89566,corey.murphy@example.com,0049663193
56,38,Corey Murhpy,Tammy Harbors 149,Darlenefurt,89566,corey.murphy@example.com,0049663193
57,38,CoreyM urphy,Tammy Harbors 149,Darlenefurt,89566,corey.murphy@example.co,0049669793
58,39,Ms. Teresa Wilson,White Greens 69,North Candacestad,95992,ms.teresa.wilson@example.com,0531473799
59,40,Jessica Joyce,Paul Ports 87,West Bradley,57655,jessica.joyce@example.com,0075273545
60,40,Jesisca Joyce,Paul Ports 87,West Bradley,57655,jessica.joyce@example.com,0075273545
61,40,Jesica Joyce,Paul Ports 87,West Bradley,57655,jessica.joyce@example.com,0075273545
62,41,Timothy Ryan,Michael Cliff 70,Cindyville,94840,timothy.ryan@example.com,0443135182
63,41,Timothy Rzan,Miciael Cliff 70,Cindyville,94840,timothy.ryan@example.com,0443135182
64,41,uimothy Ryan,ichael Cliff 70,Cindyville,94840,timothy.ryan@example.com,0443135182
65,42,Katie Estrada,Powell Hill 14,East Robert,50196,katie.estrada@example.com,0471167190
66,42,Katje Estrad,Powell Hill 14,East Robert,50196,katie.estada@example.com,0471167190
67,42,Katie Estrada,Powll Hill 14,East Robert,50196,katie.estrada@example.com,0471167190
68,43,Stephanie Gilbert,Sullivan Village 41,West Justinchester,76520,stephanie.gilbert@example.com,0067974034
69,44,Erica Ramos,William Underpass 180,Lake Christopher,68062,erica.ramos@example.com,0713493618
70,44,Ercia Ramos,William Underpass 180,Lake Christopher,68062,erica.ramos@example.com,0713493618
71,45,Lisa Davis,Emily Fork 139,East Andrew,32593,lisa.davis@example.com,0771906594
72,45,Lisa Davis,Emily Fork 139,East Andrew,32593,lisa.davis@example.com,0771906574
73,46,Miss Patricia Gibson,Jennifer Lights 72,Rossberg,86491,miss.patricia.gibson@example.com,0296717565
74,47,Stephanie Dalton,Kimberly Forges 27,Port Susan,68390,stephanie.dalton@example.com,0256746807
75,47,Stephanie Damton,Kimberly Forges 72,Port Susan,68390,stephanie.dalton@example.com,0256746807
76,47,Stephanie Dalton,Kimberl Forges 27,Port Susan,68390,stephanie.dalton@example.com,0256746807
77,48,Justin Lowery,Stephen Unions 58,Contrerasside,78548,justin.lowery@example.com,0171274846
78,49,Pedro Ramos,Rivas Plaza 121,Merrittfort,59492,pedro.ramos@example.com,0378263982
79,50,David Walsh,Sims Harbor 71,Jonesport,31236,david.walsh@example.com,0658404499
80,51,Francisco Fernandez,Edward Lights 126,Lake Jason,54878,francisco.fernandez@example.com,0278755886
81,52,Joshua Perry,Marissa Loaf 83,Port Nicoleshire,50358,joshua.perry@example.com,0339636057
82,53,Tommy Evans,Castaneda Village 98,Medinaside,79570,tommy.evans@example.com,0627028951
83,54,Katherine Nelson,Johnson Junction 113,Ramseymouth,17229,katherine.nelson@example.com,0187026217
84,55,Ms. Susan Vargas,Christopher Meadow 68,Port Steven,07091,ms.susan.vargas@example.com,0596158657
85,56,Garrett Gibson,Juarez Light 10,Karenchester,33566,garrett.gibson@example.com,0913431611
86,57,Julie Curry,Zoe Keys 178,Lake Casey,85927,julie.curry@example.com,0400504556
87,57,Jluie Curry,Zoe Keys 178,Lake Casey,85927,julie.curry@example.com,0400504556
88,57,Julie Curry,Zoe Keys 178,Lake Casey,85927,julie.curry@example.com,0400704556
89,58,Andre Wright,Christine Garden 78,South Elizabeth,74421,andre.wright@example.com,0367136959
90,58,Andre Wrigti,Christine Garden 78,South Elizabeth,74421,andre.wright@example.com,0367136959
91,58,Ande Wright,Christine Garden 78,South Elizabeth,74421,andre.wright@example.com,4367136059
92,59,Julie Scott,Jackson Rest 149,Port Loriport,14669,julie.scott@example.com,0521456232
93,60,Tanya Johnston,Sanders Stravenue 94,North Brittany,82714,tanya.johnston@example.com,0884247451
94,61,Michael Turner,Laura Port 20,West Amandastad,09539,michael.turner@example.com,0236851604
95,62,Gloria Atkinson,Garcia Lake 117,Zimmermanchester,23587,gloria.atkinson@example.com,0549651370
96,63,Tracie Nelson,Marshall Views 144,Marcusbury,11860,tracie.nelson@example.com,0593174612
97,63,Traie oelson,Marshall Views 144,Marcusbury,11860,tracie.nelson@example.com,0593174612
98,64,Jerry Christensen,Rogers Park 187,Hunterborough,47008,jerry.christensen@example.com,0261796405
99,64,Jerry Chrisetnsen,Rogers Park 187,Hunterborough,47008,jerry.christensen@example.com,0261796405
100,64,Jerry Christensen,Rogers Park 817,Hunterborough,47008,jerry.christensen@example.co,0263796405
101,65,Gina Beard,Peters Path 85,North John,53772,gina.beard@example.com,0290422842
102,65,Gina ecard,Petess Path85,North John,53772,gina.beard@example.com,0290422842
103,66,Peter Vaughn DDS,West Brook 93,West Jeffreybury,40636,peter.vaughn.dds@example.com,0891783908
104,67,Jackie Tran,Coleman Summit 165,Michaelmouth,36010,jackie.tran@example.com,0007661771
105,68,David Griffith,Wilson Plain 83,East Javier,63965,david.griffith@example.com,0921249985
106,69,Kevin Wolf,Hooper Village 153,West Jeremy,24020,kevin.wolf@example.com,0847896118
107,70,Michael Martinez,Terri Plaza 56,Heidiberg,84107,michael.martinez@example.com,0673657661
108,71,Katherine Salas,Harrison Mill 81,Jackton,33593,katherine.salas@example.com,0452711116
109,71,Katherine Salas,Harriosn Mill 81,Jackton,33593,katherine.sala@example.com,0952511116
110,71,Ktaherie Salas,Harrsion Mill 81,Jackton,33593,katherine.salas@example.com,0452711104
111,72,Karen Short,Vasquez Ports 8,East Edwardshire,40325,karen.short@example.com,0244550229
112,73,David Grant,Obrien Turnpike 18,Port Alexandra,59550,david.grant@example.com,0201836675
113,73,David Grant,Orien Turnpike 18,Port Alexandra,59550,david.grant@example.com,0201836675
114,73,David Grant,Obrien Turnpile18,Port Alexandra,59550,david.grant@example.com,0201836675
115,74,Elizabeth Chapman,Torres River 2,New Susanville,27736,elizabeth.chapman@example.com,0343244510
116,75,Deborah Miller,Glenn Club 111,North Ricky,90858,deborah.miller@example.com,0226838851
117,76,Doris Hall,Warner Motorway 190,Lake Jesusview,82428,doris.hall@example.com,0060715969
118,77,Regina Gonzalez,Amy Rue 164,West Margaret,09860,regina.gonzalez@example.com,0641605297
119,78,Ricky Larson,Gonzales Mountain 93,Hollyview,66098,ricky.larson@example.com,0161369681
120,79,Jessica George,Navarro Rapids 80,Anthonybury,88882,jessica.george@example.com,0535218188
121,79,Jessica George,Nabvrr Rapids 80,Anthonybury,88882,jessica.george@example.com,0535218188
122,79,Jessica George,Navarro Rapids 80,Anthonybury,88882,jessica.george@example.com,0535218188
123,80,Laura Sampson,Johnston Track 161,South April,58464,laura.sampson@example.com,0527177449
124,80,LauraSbmpson,Joinston Track 161,South April,58464,laura.sampson@example.com,0527177449
125,81,Catherine Richards,Costa Mountains 116,Rickymouth,88336,catherine.richards@example.com,0935978207
126,81,Catheine Richadrs,Costa Mountains 116,Rickymouth,88336,catherine.ichards@example.com,0935978207
127,81,Catherine Richards,Costa Mountains 116,Rickymouth,88336,catherine.richards@example.co,0935978207
128,82,Christopher Jenkins,Roberts Locks 170,South Christopherview,42873,christopher.jenkins@example.com,0254629148
129,83,Raymond Hancock,Diane Plains 85,Gutierrezborough,68453,raymond.hancock@example.com,0281685054
130,83,Ramyond Hancpck,Dianf Plains8 5,Gutierrezborough,68453,raymond.hacock@example.com,0281685054
131,84,Peter Garrett,James Plaza 153,West Samuel,92022,peter.garrett@example.com,0622292706
132,85,Mr. Mark Lloyd,Lance Bridge 185,Davisville,60983,mr.mark.lloyd@example.com,0379473834
133,86,Maria Moore,Hicks Groves 121,Davenportfort,32447,maria.moore@example.com,0359774688
134,87,Charles Lee,Michelle Harbor 42,Morganhaven,35519,charles.lee@example.com,0392407581
135,88,Diane Evans,Grimes Mission 133,Reedside,71729,diane.evans@example.com,0141247826
136,88,Diane Evans,Grimes Mission 133,Reedside,71729,diane.evans@example.com,0141247826
137,89,Timothy Kane,Ashley Fort 82,Williamsfort,92936,timothy.kane@example.com,0152204727
138,90,Jane Mcneil,Tyler Camp 2,New Tammy,44016,jane.mcneil@example.com,0104328986
139,90,Jbne Mneil,Tyler Cmp 2,New Tammy,44016,jane.mcneil@example.com,0104328986
140,90,Jane denil,TylerCam p2,New Tammy,44016,ane.mcneil@example.com,0104328986
141,91,Shelly Alexander,Smith Divide 163,Pittsberg,10308,shelly.alexander@example.com,0654051531
142,92,Wayne Morgan,Santos Walk 189,Melissaside,50309,wayne.morgan@example.com,0520585277
143,93,Lori Clay,Brennan Camp 35,East Crystalport,30318,lori.clay@example.com,0170430305
144,94,Jessica Garcia,Scott Square 132,Rebeccaton,43017,jessica.garcia@example.com,0687403450
145,95,Elaine Brooks,John Loop 85,East Gregory,80388,elaine.brooks@example.com,0415667652
146,96,Lisa Allen,Jesse Route 128,Stevetown,61482,lisa.allen@example.com,0584161692
147,97,Megan Moore,Landry Radial 83,Daniellechester,90981,megan.moore@example.com,0115447962
148,98,Ryan Gonzalez,Castaneda Coves 90,South Ashley,75842,ryan.gonzalez@example.com,0705964016
149,99,Michael Johnson,Hill Port 192,New Julieport,30663,michael.johnson@example.com,0202970213
150,100,Heather Fields,Byrd Stravenue 94,Lake Colton,82743,heather.fields@example.com,0569092755
151,101,Ellen Alexander,Oconnor Course 20,Markchester,23522,ellen.alexander@example.com,0928565431
152,101,Ellen Alexander,Oconnor duorse 20,Markchester,23522,elen.alexander@example.com,0928565431
153,102,Richard Walter,Schmidt Groves 183,West Robin,63657,richard.walter@example.com,0715518844
154,103,Elizabeth Harrell,Taylor Club 183,Port Tammy,89148,elizabeth.harrell@example.com,0258313237
155,103,Elziabeth Harrell,Taylor Club 183,Port Tammy,89148,elizabeth.harrell@example.co,0758313837
156,103,Eilzaceth Harrell,Taylor Club 183,Port Tammy,89148,elizabeth.harrel@example.com,0258313237
157,104,Veronica Coffey,Davis Locks 71,West Amandamouth,48812,veronica.coffey@example.com,0249818299
158,104,Veronica Coffey,eavis Locks 71,West Amandamouth,48812,veronica.coffey@example.com,0249818299
159,104,Veronica Coffe,Davit Locks 71,West Amandamouth,48812,veronica.coffey@example.com,0249818299
160,105,Megan Richards,Rodriguez Fort 16,Johnsonside,43493,megan.richards@example.com,0276773592
161,106,Connie Brown,Blankenship Hollow 184,Wilsonton,05378,connie.brown@example.com,0556258815
162,106,onoie Brown,Blankneship Hollow 184,Wilsonton,05378,connie.brown@example.co,0556258815
163,107,Johnathan Davis,Paul Land 132,Matthewsberg,54880,johnathan.davis@example.com,0774701687
164,108,Sandra Gilbert,Johnson Land 56,South Sean,31448,sandra.gilbert@example.com,0950047974
165,109,Ariana Jennings,Brown Harbor 28,North Stacy,60101,ariana.jennings@example.com,0624565060
166,110,Daniel Fowler,Brent Isle 50,East Kristin,27397,daniel.fowler@example.com,0584168784
167,111,Phillip Clark,Lisa Fort 160,Kimtown,36843,phillip.clark@example.com,0912165585
168,112,Brianna Anderson,Lindsey Creek 51,East Alexisbury,77683,brianna.anderson@example.com,0986800025
169,113,Christopher Williams,Fox Summit 133,South Shanestad,67772,christopher.williams@example.com,0729825952
170,114,Jodi Walker,Jessica Way 158,Stephentown,08473,jodi.walker@example.com,0495888794
171,115,Dr. Jessica Rodriguez DDS,Jones Common 5,Charleneland,17041,dr.jessica.rodriguez.dds@example.com,0551694097
172,115,Dr. Jessica Rodrigue zDDS,Jones Common 5,Charleneland,17041,dr.jessica.rodriguez.dds@example.com,0551694097
173,116,Mark Kelley,James Ranch 180,Shawnchester,13500,mark.kelley@example.com,0130756263
174,117,Ashley Pena,Russell Forks 199,Morganmouth,52763,ashley.pena@example.com,0970283857
175,118,Brandon Simmons,Brooks Drives 81,Jonesland,12720,brandon.simmons@example.com,0278585497
176,118,Branon Simmons,Brooks Drives 81,Jonesland,12720,brandon.simmons@example.com,0978485497
177,119,Patrick Watson,Angela Radial 174,Elizabethchester,46847,patrick.watson@example.com,0866524041
178,120,Teresa Henderson,Tanya Rapid 114,Michaelshire,67008,teresa.henderson@example.com,0473384842
179,120,Teresai enderson,Tanya Rbipd 14,Michaelshise,67008,teresa.henderson@example.com,0473384842
180,121,Matthew Walker,Michael Point 74,Dannyview,75749,matthew.walker@example.com,0540193802
181,122,Jeffrey Hoffman,Chelsea Shoals 46,Anthonyview,92605,jeffrey.hoffman@example.com,0067240049
182,123,Tammy Bell,Molly Port 86,Jonestown,12527,tammy.bell@example.com,0478872874
183,123,Tammy Bfll,Molly Port 86,Jonestown,12527,tammy.bell@example.com,0478878874
184,124,Cindy Barnes,Moore Inlet 84,Kimberlyshire,78649,cindy.barnes@example.com,0161227530
185,124,Cindy Barnes,Moore Inlet 84,Kimberlyshire,78649,cindy.barnes@example.com,0161227530
186,125,Anthony Moore,Emily Groves 120,Stanleyfort,80071,anthony.moore@example.com,0426841459
187,125,Anthony Moore,Emily Groves 120,Stanleyfort,80071,anthony.moore@example.com,0426841459
188,126,Donald Fischer,Michael Creek 153,Erikashire,64284,donald.fischer@example.com,0187851910
189,127,Elizabeth Walker,Adrian Hollow 130,Port Derrick,33992,elizabeth.walker@example.com,0398225871
190,128,Bryan Jimenez,Thompson Light 184,New Angelica,88063,bryan.jimenez@example.com,0971870728
191,129,Andrea Hensley,Ryan Mount 145,Port Lawrencechester,75657,andrea.hensley@example.com,0087406403
192,130,Mark Roberts,Smith Islands 12,Port Stacey,60806,mark.roberts@example.com,0651801704
193,131,Tamara Davis,John Radial 197,Warrenfurt,41169,tamara.davis@example.com,0265676618
194,131,Tamraa Dbvis,John Radial 197,Warrenfurt,41169,tamaradavis@example.com,0265676618
195,131,Tamasa Davi,John Radiam 197,Warrenfurt,41169,tamara.davis@example.com,0265676618
196,132,Connie Maxwell,William Crescent 26,Port Michael,95840,connie.maxwell@example.com,0907903067
197,132,Connei Maxwell,William Crescent 26,Port Michael,95840,connie.maxwell@example.com,0907903067
198,133,Maria Hernandez,Dwayne Flat 37,New Eric,86419,maria.hernandez@example.com,0836440892
199,134,Trevor Burton,Webster Trace 110,Maldonadoshire,84779,trevor.burton@example.com,0870568566
200,134,Trevor Bvrton,Websuer Trace 110,Maldonadoshire,84779,trvor.burton@example.com,0870568566
201,134,Tsevor Burton,Webstes Trac 110,Maldonadoshire,84779,trevor.burto@example.com,0870568566
202,135,Lori Lin,Hernandez Cliff 56,Ramosport,36503,lori.lin@example.com,0735403317
203,136,Heather Jones,Hayes Centers 179,Marieland,84998,heather.jones@example.com,0936385467
204,137,Savannah Gilbert,Ford Plaza 92,South Reginashire,85938,savannah.gilbert@example.com,0445877175
205,138,Larry Mason,Shannon Valleys 95,Toniland,66633,larry.mason@example.com,0560932048
206,139,Amanda Zimmerman,Warren Ridge 149,West Nathan,37580,amanda.zimmerman@example.com,0642353693
207,140,Raymond Shelton,Kristina Rue 168,Cameronville,73634,raymond.shelton@example.com,0547772522
208,141,Diane Cummings,Mathew Prairie 126,West Kyle,86491,diane.cummings@example.com,0280801006
209,141,Dibne Cumings,Mathew Prairi e126,West Kyle,86491,diane.cummings@example.com,0280801006
210,142,Jenna Larson,Kyle Lane 74,Lisahaven,12750,jenna.larson@example.com,0086211823
211,142,Jenna Larson,Kyle Lane 74,Ljsahaven,12750,jenna.arson@example.com,0086211823
212,142,Jenna aLrson,Kyle Lane 74,Lisahavne,12750,jenna.larson@example.com,0086811820
213,143,Jessica Cox,Parker Forest 46,Staceyfort,25667,jessica.cox@example.com,0503926142
214,144,Chad Jones,William Plains 146,Lake Matthewberg,78783,chad.jones@example.com,0685621850
215,144,Chad Jones,William Plains 146,Lake Matthewberg,78783,chad.jones@example.com,0685621850
216,145,Christopher Guerra,Jennifer Cape 142,Diazbury,58723,christopher.guerra@example.com,0662961943
217,146,Nicole Bowers,Amanda Inlet 22,Mckeeborough,48714,nicole.bowers@example.com,0426265511
218,146,Nciole Bowers,Amanda jnlet 22,Mckeeborough,48714,nicole.bowers@example.com,0426265511
219,146,Nicole Bowers,Amanda Ilnet 22,Mckeebroough,48714,nicole.bowers@example.com,0426265511
220,147,Laura Alexander,Strickland Parkway 69,Burchborough,79755,laura.alexander@example.com,0721264647
221,148,David Davidson,Spencer Cove 93,West Christopherburgh,36256,david.davidson@example.com,0437993712
222,149,Jose Guerra,Stacey Forges 102,Wilkersontown,54882,jose.guerra@example.com,0596575692
223,150,Jonathan Young,Nicholas Burgs 155,Sarahmouth,19643,jonathan.young@example.com,0375265479
224,151,Dustin Gallegos,Katherine Mountains 84,Gilbertland,02991,dustin.gallegos@example.com,0646519398
225,151,Dustin Gallegos,Katherine Mountains 84,Gilbertland,02991,dustin.allegos@example.co,0646519398
226,152,Ruben Dunn,Rodriguez Heights 65,West David,31753,ruben.dunn@example.com,0266179796
227,153,Riley Bryant,Mary Parks 178,Lake Zacharybury,94682,riley.bryant@example.com,0680589113
228,154,Jeffrey Mendez,Ashley Ferry 91,New Theresaland,69452,jeffrey.mendez@example.com,0290965610
229,154,Jeffrey Mendez,Ashley Ferry 91,New Theresaland,69452,jeffrey.mendez@example.com,0290965610
230,155,Rachel Romero,Peter Mountains 89,Lake Paulstad,33747,rachel.romero@example.com,0071461125
231,156,Heather Jones,Jessica Road 117,Port Bonniemouth,17987,heather.jones@example.com,0387571775
232,156,Heathr Jones,JessicaRoad 117,Port Bonniemouth,17987,heather.jones@example.com,0387571775
233,157,Joshua Li,Maria Spur 119,Pollardfort,83303,joshua.li@example.com,0362266093
234,158,Chad Baldwin,Johnson Flats 110,Port Jameston,41866,chad.baldwin@example.com,0603341918
235,158,Ciad Baldwin,Johnson Flats 110,Port Jameston,41866,chad.baldwin@example.com,0603341918
236,158,Chad Baldwin,Johnson Flats 110,Port Jameston,41866,chad.baldwin@example.com,0603341918
237,159,Kaylee Hays,King Terrace 79,West Michael,06766,kaylee.hays@example.com,0125286692
238,160,Evelyn Martinez,Kim Locks 109,Klinefurt,44939,evelyn.martinez@example.com,0278282742
239,160,Evelyn Martinez,Kim Loks 109,Klinefurt,44939,evelyn.martinez@example.com,0278282742
240,160,Evelyn Martinez,ilm Locks 109,Klinefurt,44939,evelyn.martinez@example.com,0278282742
241,161,Kathleen Jimenez,Owen Stream 118,Millerburgh,71997,kathleen.jimenez@example.com,0978819148
242,162,Brian Murphy,Parker Rapids 94,Jacksonmouth,46578,brian.murphy@example.com,0807836134
243,163,Nicholas Buck,Hill Turnpike 9,North Emilyfurt,48120,nicholas.buck@example.com,0745171339
244,164,Nicole Moore,Douglas Rest 182,Johnsonland,31433,nicole.moore@example.com,0962923309
245,165,Holly Reyes,Cassie Springs 72,Rushstad,58689,holly.reyes@example.com,0982544948
246,166,Laura Moreno,Edwards Harbors 174,North Anthony,24886,laura.moreno@example.com,0126042232
247,167,Mr. Justin Green III,Lewis Ridge 64,Heatherfort,26738,mr.justin.green.iii@example.com,0672946671
248,168,Samuel Hayes,Osborn Valleys 197,Elizabethland,72590,samuel.hayes@example.com,0168457759
249,168,Samuel Hayes,Osborn Valleys 19,Elizabethland,72590,samuel.hayes@example.com,0168457759
250,169,Stephanie York,Laura Pass 34,North Tracie,18703,stephanie.york@example.com,0975001701
251,170,Johnny Ward,Mcdonald Plaza 41,New Nicole,09118,johnny.ward@example.com,0770632424
252,170,Johnnz Ward,Mcdonald qlaza 41,New Nicole,09118,johnny.ward@example.com,0770632424
253,170,Jphny Ward,Mcdonald Paza 41,N wNicole,09118,johnn.ward@example.com,0770632424
254,171,Zachary Higgins,Hammond View 98,East Teresaland,59480,zachary.higgins@example.com,0221890927
255,172,Joseph Anderson,Katrina Curve 55,Shawton,16775,joseph.anderson@example.com,0269731121
256,173,Elizabeth Martin,Michael Path 99,Meghanview,26230,elizabeth.martin@example.com,0565234138
257,174,Krista Martinez,Mendez Course 185,New Shelly,20711,krista.martinez@example.com,0940438983
258,175,Marcus Winters,Kirby Port 76,Port Michelleland,06459,marcus.winters@example.com,0037613791
259,176,Patricia Baker,Katie Mall 4,South Pamelaside,38468,patricia.baker@example.com,0552696582
260,177,Elizabeth Sanchez,Evans Cliffs 198,East Scottfort,61376,elizabeth.sanchez@example.com,0109104300
261,178,Lawrence Edwards,Gross Wall 102,Theresaberg,49068,lawrence.edwards@example.com,0848666188
262,179,Ashley Allen,Joseph Gateway 72,North Brent,50852,ashley.allen@example.com,0141832856
263,180,Jennifer Estes,Lisa Ports 196,Jamesburgh,65809,jennifer.estes@example.com,0146303161
264,181,Julie Koch DDS,Sierra Parkways 156,Levyborough,76961,julie.koch.dds@example.com,0042102027
265,182,Anthony Simpson,Mitchell Branch 134,South Dennisview,95856,anthony.simpson@example.com,0842524105
266,183,Jamie Williams,Ashley Fields 70,Angelaland,51140,jamie.williams@example.com,0814917785
267,183,Jamie Wililams,shley Fields 07,Angelaland,51140,jamie.williams@example.com,0814917785
268,184,Pamela Ramirez,David Court 39,Brooksmouth,73617,pamela.ramirez@example.com,0208635365
269,184,Pamela Ramrez,David oCurt 39,Brooksmouth,73617,pamela.ramirez@example.com,0208635365
270,185,Nicole Gonzalez,Porter Cape 80,East Jenniferfort,68570,nicole.gonzalez@example.com,0518705349
271,186,Larry Robertson,Velazquez Island 190,South Vicki,97405,larry.robertson@example.com,0937597383
272,186,Larry Rocertson,Velazquez Isalnd 190,South Vicki,97405,larry.roertson@example.com,0937597383
273,186,Larr yRobertson,Velazqufz Island 190,South Vicki,97405,larry.robertson@example.com,0937597383
274,187,Linda Romero,Erickson Hills 149,Cabrerastad,43917,linda.romero@example.com,0182619906
275,188,Veronica Silva,Candice Greens 34,Lake Brett,63474,veronica.silva@example.com,0344565574
276,188,Veornica Silwa,Candice Grenes 34,Lake Brett,63474,veronica.silva@example.com,0344565570
277,189,Mark Harvey,Hernandez Springs 56,North Ashley,92319,mark.harvey@example.com,0521356804
278,189,Mark Hbrvey,Herandez Springs 56,North Ashley,92319,mark.harvey@example.com,0521356804
279,190,Albert Edwards,Robert Ford 34,Shawfort,96948,albert.edwards@example.com,0365199410
280,191,Michele Stone,Bolton Neck 51,Edwardsburgh,60750,michele.stone@example.com,0721510702
281,192,Gloria Gomez,Bishop Fields 111,West Angela,29974,gloria.gomez@example.com,0670662532
282,192,Gloria Goez,Bishop Fields 111,West Angela,29974,gloria.gomez@example.com,0670662532
283,192,Gloria Gomez,cishop Fields 111,West Angela,29974,gloria.gomez@example.com,0670662532
284,193,Vickie Wise,Hannah Overpass 145,Timothyside,95090,vickie.wise@example.com,0856420593
285,193,Vickie xise,Hannah vOerpass 145,Timothyside,95090,vickie.wise@example.co,0856420593
286,193,Vickie Wise,Hannah vOerpass 145,Timothyside,95090,vickie.wise@example.com,0856420593
287,194,Bryan Rhodes,Huang Locks 180,Stephanieberg,38571,bryan.rhodes@example.com,0599293784
288,194,Brybn Rohdes,Huang Locks 180,Stephanieberg,38571,bryan.rhodes@example.com,0599293784
289,195,Tyler Miller,Douglas Summit 38,Lewisside,36038,tyler.miller@example.com,0921851569
290,195,Tymer Miller,Douglas Summit 38,Lewisside,36038,tyler.miller@example.com,0921831562
291,195,Tyler Miller,eouglas Summit 38,Lewisside,36038,tyler.miller@example.co,0921851569
292,196,Melissa Taylor,John Skyway 157,Lake Jesse,13634,melissa.taylor@example.com,0391725135
293,197,Mitchell Garcia,Adam Plaza 43,South Denise,62851,mitchell.garcia@example.com,0157043315
294,197,Mitchel Garcia,Adam Plaza 43,South Denise,62851,mitchell.garcia@example.com,0157043315
295,198,Curtis Maynard,Mitchell Circle 123,Lake Audreyside,97322,curtis.maynard@example.com,0932710405
296,198,Csutis Maynard,Mitchell Circle1 23,Lake Audreyside,97322,curtis.maynard@example.com,0932710405
297,199,Taylor Gentry,Robert Villages 156,North Wendy,52535,taylor.gentry@example.com,0620153368
298,200,Charlotte Curry,Mcdowell Branch 187,Ashleyville,44415,charlotte.curry@example.com,0844431069
299,201,William Daniels,Small Dale 126,Nelsonville,43844,william.daniels@example.com,0205061497
300,201,William Daoiesl,Small Dale 126,Nelsonville,43844,william.daniels@example.com,0205061497
301,202,Jimmy Scott,Alexis Junction 48,Ashleyborough,23503,jimmy.scott@example.com,0565270477
302,202,JimmyS cot,Alexis Junction 48,Ashleyborough,23503,jimmy.scott@example.com,0565270477
303,202,Jimmy Scott,Alexis Jucntion 48,Ashleyborough,23503,jimmy.scott@example.com,0765270472
304,203,Margaret Sullivan,Robertson Corners 45,Caldwellburgh,18931,margaret.sullivan@example.com,0233206163
305,204,Timothy Smith,Young Terrace 161,Stephanieport,76845,timothy.smith@example.com,0294511686
306,205,Alexandra Valdez,Bryan Crest 71,Parkerfurt,90426,alexandra.valdez@example.com,0870998616
307,205,Alexnadra Valdez,Bryan Crest 71,Parkerfurt,90426,alexandra.valdez@example.com,0870998616
308,206,Stephanie Padilla,Vaughn Route 122,Michaelbury,29222,stephanie.padilla@example.com,0024629960
309,207,Karen Gibson,Perry Plaza 85,Toddborough,32936,karen.gibson@example.com,0307450544
310,207,Karen Gibson,Perrz Plaza 85,Toddborough,32936,karen.gibson@example.com,0307450544
311,207,Karn Gibson,Perry Plaza 85,Toddborough,32936,karen.gibson@example.com,0307450544
312,208,Linda Cobb,Rice Lake 80,New Danielside,66756,linda.cobb@example.com,0862890233
313,209,Joshua Martin,Wilson Ford 64,Davishaven,58891,joshua.martin@example.com,0070534578
314,210,Jody Palmer,Elliott Points 32,Chambersport,95302,jody.palmer@example.com,0035797279
315,211,David Smith,Beth Cape 89,Cooperland,71432,david.smith@example.com,0241406029
316,212,Taylor Jones DVM,Justin Falls 55,Port Darlene,96090,taylor.jones.dvm@example.com,0333468007
317,213,Jennifer Haney,West Lane 166,Millerside,17932,jennifer.haney@example.com,0290349446
318,214,Hannah White,Rice Stream 90,Port Adam,03480,hannah.white@example.com,0743748969
319,214,Hannah White,Rice Stream 90,Port Adam,03480,hannah.white@example.com,0743748969
320,214,Hannah White,Rice Strfam 90,Port Adam,03480,hannah.white@example.com,0743748969
321,215,Julie Ball,Patel View 185,East Steven,20833,julie.ball@example.com,0074466609
322,216,Timothy Hardy,Antonio Shore 147,Mendeztown,32045,timothy.hardy@example.com,0353875842
323,217,Brian Johnson,John Cape 143,Gonzalesside,28978,brian.johnson@example.com,0241724825
324,218,Patty Taylor,Young Street 57,Barbaramouth,31552,patty.taylor@example.com,0534655494
325,219,Charles Keller,Robert Harbor 31,New Stacyburgh,82551,charles.keller@example.com,0709991738
326,219,Charles Keller,Robert Harbor 31,New Stacyburgh,82551,charles.kelle@example.com,0709921738
327,219,dhraes Keller,Roert aHrbor 31,New Stacyburgh,82551,charles.keller@example.com,0709991738
328,220,Kristi Williams,David Skyway 137,Floydmouth,91767,kristi.williams@example.com,0350583003
329,220,Ksisti Williams,Dbvid Skyway 137,Floydmouth,91767,kristi.williams@example.com,0350583003
330,220,Kristi Williams,David Skyway 173,lFydmouth,91767,kristi.williams@example.com,0350583003
331,221,Chase Bennett,Allen Fork 94,Meredithberg,61190,chase.bennett@example.com,0064890901
332,222,Kristina Faulkner,Paul Glens 6,West Deborah,59455,kristina.faulkner@example.com,0016761847
333,223,Anna Hardy,Brett Lane 53,Port Charlesshire,95437,anna.hardy@example.com,0046184992
334,224,Claire Clark,Turner Bridge 27,East Suzanne,15877,claire.clark@example.com,0891411739
335,224,Claire Clark,Turner Bridge 2,East Suzanne,15877,claire.clark@example.com,0891411739
336,224,Cmaire Clark,Tuner Bridge 27,East Suzanne,15877,claire.clark@example.com,0891411739
337,225,Nicole Rocha,Randy Garden 76,Kimberlyfurt,61613,nicole.rocha@example.com,0470120455
338,226,Heather Green,Owens Unions 30,Gillmouth,27125,heather.green@example.com,0100225579
339,226,Heathe rGreen,Owens Unions 30,Gillmouth,27125,heather.green@example.com,0100225579
340,227,Jason Hart,Joyce Brook 179,Angelashire,76410,jason.hart@example.com,0021697972
341,228,Elizabeth Gonzalez,Noah Village 92,South Andrea,90265,elizabeth.gonzalez@example.com,0902771670
342,228,Elizabeth Gonzalfz,Noah Village 92,South Andrea,90265,elizabeth.gonzalez@example.com,0902771670
343,228,Elizabeth Gonzalez,Noah Village 29,South Andrea,90265,elizaeth.gonzalez@example.com,0902771670
344,229,Phillip Burns,Murray Street 127,Garyside,64505,phillip.burns@example.com,0217535408
345,229,PhillipBurns,Murray Street 17,Garyside,64505,phillip.burns@example.com,0217535408
346,229,Pihlliq urns,Murray Street 127,Garyside,64505,phillip.burns@example.com,0217535408
347,230,Steve Mooney,Alexandria Villages 117,Port Elizabethtown,54554,steve.mooney@example.com,0550375899
348,231,Mark Jones,Albert Parkways 169,Brooksfort,86914,mark.jones@example.com,0571130554
349,232,Aaron Arnold Jr.,Nichols Heights 96,New Lisachester,23997,aaron.arnold.jr.@example.com,0102726149
350,232,Aaron Arnold Jr.,Nichols Heighst 96,New Lisachester,23997,aaron.arnold.jr.@example.com,0102726149
351,233,Brent Hernandez,Christine Glen 32,Josephfurt,10858,brent.hernandez@example.com,0779827080
352,234,Jared Cunningham,Kevin Views 111,Lake Victoriaton,12756,jared.cunningham@example.com,0978292216
353,235,James Alvarez,Jacqueline Corner 156,Brucemouth,74668,james.alvarez@example.com,0586693465
354,236,Valerie Jacobson,Jerry Ways 116,Nelsonland,90210,valerie.jacobson@example.com,0226984858
355,237,Stephanie Elliott,Harry Vista 52,Alexisborough,77444,stephanie.elliott@example.com,0394522885
356,238,Robert Nicholson,Kevin Port 195,New Mary,51508,robert.nicholson@example.com,0587996846
357,239,Kimberly Reyes,Krystal Spurs 134,New Juliestad,07539,kimberly.reyes@example.com,0106200342
358,240,David Jones,Novak Islands 175,Lake Joshuamouth,64805,david.jones@example.com,0420438057
359,240,Davi dJones,Novak Island 175,Lake Joshuamouth,64805,david.jones@example.com,0420438057
360,241,Juan Bennett,Erin Shore 159,Millerport,32803,juan.bennett@example.com,0735989334
361,242,Angela Moore,Jodi Island 175,Danieltown,40906,angela.moore@example.com,0122816064
362,243,Philip Garcia,Jacob Mission 34,Garcialand,46889,philip.garcia@example.com,0294057202
363,244,Linda Mueller,Smith Loop 153,Maxwellside,32317,linda.mueller@example.com,0094798515
364,245,Carolyn James,Joseph Grove 48,Thomasburgh,57474,carolyn.james@example.com,0818268861
365,246,Elijah Patton,King Gateway 55,Wheelerborough,60513,elijah.patton@example.com,0555439878
366,247,Eric Rush,Skinner Light 167,Scottchester,85833,eric.rush@example.com,0015739930
367,248,Brandy Flores,Timothy Fall 83,Novakport,96822,brandy.flores@example.com,0616484085
368,249,Katherine Johnston,Mark Harbors 131,Diazshire,26689,katherine.johnston@example.com,0770435811
369,249,Katherne Johnston,Mark Harbors 31,Diazshie,26689,katherine.johnston@example.com,0770435811
370,250,Kimberly Maldonado,Stephanie Mountain 46,South Lauren,91312,kimberly.maldonado@example.com,0481934667
371,251,Ryan Pope,Taylor Hollow 111,West Donna,94248,ryan.pope@example.com,0506180919
372,251,Ryan Pope,Taylor Hollow 111,Wets Donna,94248,ryan.pope@example.com,0506180919
373,252,James Cole,Aguilar Place 101,Stephensstad,92465,james.cole@example.com,0842450882
374,252,James Cole,Aguilas Place 101,Stephensstad,92465,james.cole@example.com,0842450882
375,253,Kimberly Little,Daniel Gateway 132,Gabrielton,74323,kimberly.little@example.com,0222394312
376,254,Miss Jennifer Goodwin,Rodriguez Courts 146,Jeffreyhaven,73638,miss.jennifer.goodwin@example.com,0087814141
377,254,Miss Jennifer Goodwin,Rodriguez Courts 146,Jeffreyhaven,73638,miss.jennifer.goodwin@example.com,0087814141
378,254,Miss Jennifer Goodin,Rodriguze ousts 146,Jeffreyhaven,73638,miss.jennifer.goodwin@example.com,0087814141
379,255,Laura Griffin,Ford Springs 93,West Whitney,63778,laura.griffin@example.com,0257775478
380,255,Laura Grfifin,Frod Springt 93,West Whitney,63778,laura.griffin@example.com,0257775478
381,256,Jason Nixon,Marie Stream 197,West Larry,60182,jason.nixon@example.com,0930848872
382,257,Kelly Bailey,Samuel Square 58,Floresport,06357,kelly.bailey@example.com,0942788165
383,258,Ashley Sweeney,Erica Expressway 170,New Greg,21490,ashley.sweeney@example.com,0392827229
384,259,Jeffery Murray,Soto Ferry 169,Fosterborough,59427,jeffery.murray@example.com,0275037314
385,260,Jasmine Bush,Joshua Squares 11,New Cristianside,25006,jasmine.bush@example.com,0385677005
386,260,Jasmine Bush,Joshua Squarfs 11,New Cristianside,25006,jasmine.bush@example.com,0385677005
387,260,Jasmine Bush,Joshua Squares 11,New Cristianside,25006,jasmine.bush@example.com,0385677005
388,261,Craig Wilson,Rose Route 43,Candicefurt,77440,craig.wilson@example.com,0318432225
389,262,Harold Ellis,Lisa Squares 31,Samanthashire,11609,harold.ellis@example.com,0365177739
390,262,iarold Eils,Lia Squases 31,Samanthashire,11609,harold.elis@example.com,0367177739
391,262,Harold Ellis,Lisa Sruares 31,Samanthashire,11609,harold.ellis@example.com,0365177739
392,263,Emily Allen,Isaac Square 68,New Paul,78675,emily.allen@example.com,0257991366
393,263,Emily Almen,Isaac Square 6,New Paul,78675,eily.allen@example.co,0257991366
394,264,James Lopez,Angela Overpass 155,Donaldmouth,59614,james.lopez@example.com,0806865086
395,264,James Lopez,Angela Overpass 155,Donaldmouth,59614,james.lopez@example.com,0806865086
396,264,Jbmes Lopez,ngela Overpass 155,Donaldmouth,59614,james.lopez@example.com,0806865086
397,265,Sharon Crane,Taylor Via 177,Maynardhaven,86100,sharon.crane@example.com,0565126944
398,266,Michael Perry PhD,Jackson Port 109,Port Kathleenport,04786,michael.perry.phd@example.com,0959463688
399,267,Joshua Jackson,Cunningham Trail 95,Dunnville,75567,joshua.jackson@example.com,0887449562
400,268,Reginald Morrow,Weaver Throughway 169,Port Jenniferside,29145,reginald.morrow@example.com,0137213865
401,269,Ashley Greer PhD,Golden Bypass 158,Bakerland,58050,ashley.greer.phd@example.com,0026012796
402,269,Asiley Greer PhD,Golden Bypass 158,Bakerland,58050,ashle.greer.phd@example.com,0026012796
403,269,Ashley rfer PhD,Golden Bypass 158,Bakesland,58050,ashley.greer.phd@example.com,0026012796
404,270,Autumn Cain,Lisa Radial 133,Michellechester,22256,autumn.cain@example.com,0011848955
405,271,Rachel Li,Ashley Place 71,Candiceburgh,42922,rachel.li@example.com,0393769042
406,272,Eileen Armstrong,Derek Terrace 28,Sellersview,86470,eileen.armstrong@example.com,0818451848
407,273,Sean Wright,Poole Trace 148,Burnsshire,83391,sean.wright@example.com,0476973577
408,274,Jason Hayes,Richard Summit 8,Heatherstad,60098,jason.hayes@example.com,0714163356
409,275,Erin Smith,Jessica Mount 133,Melissaside,52630,erin.smith@example.com,0804341651
410,276,Jeffrey Lewis,Morris Haven 46,Amyberg,74706,jeffrey.lewis@example.com,0755394237
411,277,Rachel Shannon,Brandon Road 61,Smithburgh,58341,rachel.shannon@example.com,0343333952
412,278,William Patterson,Nicole Hollow 31,Port Sarah,36417,william.patterson@example.com,0179080759
413,279,Isaac Miller,Brett Road 148,Jessicabury,56761,isaac.miller@example.com,0472846392
414,279,Isaac Miller,Bertt Road 148,Jessicabury,56761,isaac.miller@example.com,0472846392
415,279,IsabcM iller,Brett Road 148,Jessicabury,56761,isaac.miller@example.com,0472846392
416,280,Michele Smith,Miller Ramp 94,New Erin,01718,michele.smith@example.com,0276365564
417,281,Greg Martinez,Benson Neck 147,East Patrickville,14027,greg.martinez@example.com,0293143866
418,281,Greg Mrtinez,Benson Neck 147,East Patrickville,14027,greg.marinez@example.com,0293143866
419,282,Stanley Taylor,Darlene Springs 26,North Alyssa,01611,stanley.taylor@example.com,0203471754
420,283,Carly Bell,Courtney Drive 144,Jensenmouth,28975,carly.bell@example.com,0845061593
421,284,Brian Goodwin,Bell Meadow 167,Kyliebury,36803,brian.goodwin@example.com,0824558771
422,285,Danielle Burke,Maxwell Spurs 74,Port Melanieport,27429,danielle.burke@example.com,0722569961
423,285,Daniemle Burke,Maxwell Spurs 74,Port Melanieport,27429,danielle.burke@example.com,0722569961
424,285,Danilele Bukf,Mawxell Spurs 74,Port Melanieport,27429,danielle.burke@example.com,0722569901
425,286,Katrina Adkins,Lucas Tunnel 7,South Paul,32100,katrina.adkins@example.com,0681149216
426,287,Mr. Joseph Levine DVM,Anderson Wall 64,Diazburgh,62237,mr.joseph.levine.dvm@example.com,0472282005
427,288,Patricia Smith,Alexander Forge 84,North Stacyfurt,66903,patricia.smith@example.com,0778487282
428,289,Micheal Wang,Miles Corner 117,West Christopher,10858,micheal.wang@example.com,0968845783
429,290,Christina Morton,Myers Roads 114,West Hollybury,08090,christina.morton@example.com,0456424008
430,291,Tim Wilson,Kyle Streets 35,North Alexander,18485,tim.wilson@example.com,0547807740
431,292,Carla Benton,Jackson Crossroad 75,Jessicaville,04348,carla.benton@example.com,0930853686
432,293,Jeffrey Warren,Joseph Ports 42,South Spencerstad,07767,jeffrey.warren@example.com,0663416389
433,294,Mr. Jacob Scott Jr.,Jeremy Pass 176,North Micheletown,32554,mr.jacob.scott.jr.@example.com,0448463122
434,294,Mr. Jacob Scott Jr.,kreemy Pss 176,North Micheletown,32554,mr.jacob.scott.jr.@example.com,0448463122
435,294,Mr. Jacob ScottJr.,Jeremy Pass 176,North Micheletown,32554,mr.jacob.scott.jr.@example.com,0448463122
436,295,Jack Mora,Sarah Walks 193,New Lindachester,29928,jack.mora@example.com,0204618723
437,296,Jason Cortez,Mckenzie Ports 65,Davidton,24008,jason.cortez@example.com,0601367303
438,297,Jose Williams,Jones Mountain 198,Kiaraport,43400,jose.williams@example.com,0183764520
439,298,Jesus Wood,Elliott Hollow 141,South Micheal,65166,jesus.wood@example.com,0814743503
440,299,Dr. Morgan Payne PhD,Adam Lodge 61,East Ambertown,44412,dr.morgan.payne.phd@example.com,0650249163
441,299,Dr. Morgan Payne PhD,Adm Lodge 61,East Ambertown,44412,dr.morgan.payne.phd@example.com,0650229163
442,300,Matthew Sweeney,Garcia Pines 180,South Travis,08351,matthew.sweeney@example.com,0812735857
443,301,Brenda Ramirez,Samantha Vista 6,Haynesstad,60592,brenda.ramirez@example.com,0652407784
444,302,Angela Davis,Dana Lock 126,New Ashleychester,87328,angela.davis@example.com,0392855749
445,303,Cynthia Green,Howe Lock 142,Louisview,31120,cynthia.green@example.com,0218274485
446,304,Dale Chan,Eric Expressway 199,Owenschester,16326,dale.chan@example.com,0862095935
447,305,Traci Clark,Ford Walk 169,North Ericport,92868,traci.clark@example.com,0863878294
448,306,Amanda Huff,Hernandez Station 165,West Randy,06917,amanda.huff@example.com,0511810220
449,306,bmanda Huff,Hernandez Station 165,West Randy,06917,amanda.huff@example.com,0511810220
450,306,Amaoda Huff,Hernandez Station 165,West Randy,06917,amanda.huff@example.com,0511810220
451,307,Debbie Ewing,Stephanie Walk 158,Hawkinsside,33249,debbie.ewing@example.com,0480141381
452,307,Debbie Eing,Stephanie Walk 158,Hawkinsside,33249,debbie.ewing@example.com,0480141381
453,308,Brian Leon,Alexander Village 180,East James,53006,brian.leon@example.com,0612286852
454,309,Mark Newman,Lowery Club 154,North Jamesmouth,17381,mark.newman@example.com,0755855665
455,310,Ryan Lamb,Brad Mountain 145,East Sandrachester,95453,ryan.lamb@example.com,0836845776
456,310,Ryan Lamb,Brad Mountain 145,East Sandrachester,95453,ryanlamb@example.com,0836845776
457,311,Allen Vega,Michael Ferry 147,Joshuaberg,05042,allen.vega@example.com,0921075224
458,312,Lisa Holland,Jenkins Plaza 150,Brownview,50703,lisa.holland@example.com,0334419693
459,313,Curtis Wilkerson,Crystal Unions 186,South Kimberlystad,63374,curtis.wilkerson@example.com,0572791940
460,314,Kari Durham,Price Falls 148,West Carlatown,37323,kari.durham@example.com,0610556613
461,315,William Moreno,Terri Courts 155,Lake John,70452,william.moreno@example.com,0060480589
462,315,William Moseno,Terri Courts 155,Lake John,70452,william.moreno@example.com,0060480589
463,316,Sylvia Brown,Barbara Union 34,Kellyburgh,23582,sylvia.brown@example.com,0517908641
464,317,Evan Rojas,Sloan Burgs 112,Staceyshire,19126,evan.rojas@example.com,0227837693
465,318,Chelsea Travis,Weaver Extensions 189,Johnsonton,30991,chelsea.travis@example.com,0833146591
466,318,Chelsea Travis,Weaver Exenisons 189,Johnsonton,30991,chlsea.travis@example.com,0833146591
467,318,Chelsfa Trais,Wfaver Extensions 19,Johnsonton,30991,chelsea.trais@example.com,0833146591
468,319,Alicia Woods,Hardin Flats 121,West Jennifer,42914,alicia.woods@example.com,0053833884
469,320,Charles Bush,Kim Vista 160,Susanstad,92846,charles.bush@example.com,0206980420
470,320,Charles Buht,Kim iVsta 160,Susanstad,92846,charles.bush@example.com,0206980420
471,320,Charlse Bush,KimV ista 160,Susanstad,92846,charles.bush@example.com,0206980420
472,321,Jennifer Garcia,Morris Estate 11,Connerfort,85590,jennifer.garcia@example.com,0384576205
473,322,Michael Hoffman,Walker Radial 91,South Kurt,90743,michael.hoffman@example.com,0438404608
474,323,Christopher Smith,Rosales Trail 58,East Carriebury,84340,christopher.smith@example.com,0256216893
475,324,Taylor Taylor,John Island 147,Lake Nicole,12130,taylor.taylor@example.com,0264957823
476,325,Meagan Daniel,Griffin Greens 149,East Heather,46439,meagan.daniel@example.com,0832482629
477,326,Brian Smith,Kim Manor 82,South Trevor,50139,brian.smith@example.com,0188125205
478,327,James Poole,Francisco Cliffs 106,West Andrewview,14227,james.poole@example.com,0647423122
479,327,James Poole,grancisco Cliffs 106,West Andrewview,14227,james.poole@example.com,0647423122
480,327,James Poole,Francico Clifsf 106,West Andrewview,14227,james.poole@example.com,0647423122
481,328,Christopher Bennett,Amy Course 106,Brookefort,92841,christopher.bennett@example.com,0333127975
482,329,Tommy Martin,Moore Courts 64,Jamieborough,54146,tommy.martin@example.com,0660965699
483,330,Miranda Blair,Guerrero Hills 135,North Brandon,75444,miranda.blair@example.com,0081770388
484,331,Katherine Brown,Ronald Hill 189,Gonzaleztown,27626,katherine.brown@example.com,0086803476
485,332,Edgar Miller,Kyle Locks 199,Burnsview,12446,edgar.miller@example.com,0472649082
486,333,Jasmine Watson,Wood Mission 166,West Scottview,30155,jasmine.watson@example.com,0718129826
487,334,Kristy Hernandez,Christopher Key 116,Arellanoshire,30321,kristy.hernandez@example.com,0027937145
488,335,Sara Cardenas,Sheppard Spur 183,Armstrongbury,62925,sara.cardenas@example.com,0211175186
489,336,James Nash,Wayne Path 131,North Stacy,59357,james.nash@example.com,0926860259
490,337,William Stanton,David Manors 39,Lake Ryanberg,78495,william.stanton@example.com,0222064474
491,338,Thomas Sloan,Christopher Point 31,Arnoldview,68617,thomas.sloan@example.com,0230940777
492,339,Shane Buchanan,Rodriguez Drive 2,New Brianna,99903,shane.buchanan@example.com,0973397767
493,339,Shane Budhanan,Rodriuez Dirve 2,New Brianna,99903,shane.buchanan@example.com,0973397767
494,340,Ariel Garcia,Kristi Ways 148,Natalieview,50707,ariel.garcia@example.com,0945101622
495,341,Laura Kennedy,Joshua Divide 157,Williamsmouth,91008,laura.kennedy@example.com,0998279501
496,342,Patrick Mccall,Smith Viaduct 83,Larryfort,91751,patrick.mccall@example.com,0561681472
497,342,Patricl Mccall,Smth Viaduct 83,Larryfort,91751,patrick.mccall@example.co,0561681472
498,342,Patrick nccall,Smith Viaduct 83,Larryfort,91751,patrick.mccall@example.com,0560681472
499,343,Valerie Perez,Mccann Mills 31,Josephchester,79796,valerie.perez@example.com,0071396605
500,344,Chelsea Lewis,Figueroa Trace 164,Lorihaven,21337,chelsea.lewis@example.com,0303441448
501,345,Michael Powell,Glenn Wells 197,Port Brian,04835,michael.powell@example.com,0015569902
502,345,Michael Powell,Glfnn Wells 197,Port Brian,04835,michael.powell@example.com,0015569902
503,345,Michael Powell,Glenn Wells 197,Port Brian,04835,michael.powell@example.com,0015569902
504,346,Thomas Bush,Richardson Mountain 176,Reidville,89783,thomas.bush@example.com,0551240568
505,347,Jaime Wheeler,Susan Mountains 147,Maxview,98668,jaime.wheeler@example.com,0962914504
506,348,Ann Johnson,Frank Ports 128,Port Jeffrey,30006,ann.johnson@example.com,0357438421
507,349,Debra Ortiz,Michelle Trafficway 10,South Rhondaburgh,79293,debra.ortiz@example.com,0317807823
508,350,Courtney Franklin,Marquez Station 124,Rodneyfurt,46207,courtney.franklin@example.com,0845218230
509,351,Daniel Turner,Silva Avenue 183,Annaport,39622,daniel.turner@example.com,0810409157
510,352,Karen Rogers,Davidson Wall 27,Joseport,25189,karen.rogers@example.com,0840943533
511,352,Karen Rogers,Davdsno Wall 27,Joseport,25189,karen.rogers@example.com,0840943533
512,352,Kareo Rogers,Davidson Wall 2,Joseport,25189,karen.rogers@example.com,0840943533
513,353,Ralph Yoder,Guerrero Springs 101,Lake Anthony,65692,ralph.yoder@example.com,0299795453
514,354,Deanna Barnes MD,Brandy Ports 172,West Jessica,29646,deanna.barnes.md@example.com,0817921717
515,355,Margaret Alvarez,Romero Vista 165,Port Diane,73671,margaret.alvarez@example.com,0773329456
516,355,Margaret Alvarez,Romero Vista 16,Port Diane,73671,margaret.alvarez@example.co,0773329456
517,355,Margaret Alvarez,Romero Vista 165,Port Diane,73671,margaret.alvarez@example.com,0773329456
518,356,Brent Anderson,Hardy Points 141,Lake Rachel,86279,brent.anderson@example.com,0276153966
519,357,Henry Garner,Fisher Isle 88,Jorgeport,61287,henry.garner@example.com,0832197199
520,358,Julie Delacruz,Thomas Fields 143,Port Erinhaven,39607,julie.delacruz@example.com,0172461919
521,359,Seth Hernandez,Matthew Port 98,Thomasburgh,11093,seth.hernandez@example.com,0570132902
522,360,Mr. Christopher Walters,Shannon Fords 116,New Kathy,64670,mr.christopher.walters@example.com,0846997335
523,360,Mr. Christopher Walters,Shannon Fords 116,New Kathy,64670,mr.christopher.walters@example.com,5846997335
524,360,Mr. Christopher Wlaters,Shannon Fords 116,New Kathy,64670,mr.christopher.walters@example.com,0846967335
525,361,Penny Anderson,Schultz Lodge 104,Sanfordfurt,01112,penny.anderson@example.com,0668327238
526,362,Curtis Watson,Patricia Throughway 93,North Erica,82642,curtis.watson@example.com,0624220102
527,363,Courtney Wiley,Anderson Lights 125,Garyton,39586,courtney.wiley@example.com,0621267969
528,363,Courtney Wiley,bnderson Lights 125,Garyton,39586,courtney.wiley@example.com,0621267969
529,363,Courtney Wiley,Anderson Lights1 25,Garytpn,39586,courtney.wiley@example.com,0621267969
530,364,Joy Meyer,Hamilton Spur 157,West Wendy,64749,joy.meyer@example.com,0137189490
531,365,Colin Vaughan,Smith Fork 137,East Jessica,77793,colin.vaughan@example.com,0077879565
532,366,Barbara Dawson,Nicholas Route 76,Kelseyton,78347,barbara.dawson@example.com,0420949407
533,367,Mary Valdez MD,Robert Light 147,New Johnnyberg,27435,mary.valdez.md@example.com,0049047128
534,367,Mary Valdfz MD,Robfrt Light 147,New Johnnyberg,27435,mary.valdez.md@example.com,0049047128
535,367,Mary Valdez nD,Robert Light 147,New Johnnyberg,27435,mary.valdez.md@example.com,0049047128
536,368,Lorraine Turner,Elaine Groves 127,South Maria,14252,lorraine.turner@example.com,0663723950
537,369,Lisa Campbell,Tyler Rest 194,Port Jose,69070,lisa.campbell@example.com,0102767478
538,369,Lisa Cmbpell,Tyler Rest 194,Port Josf,69070,lisa.campbell@example.com,0102747478
539,369,Ljsa Campbell,Tyler Rest1 94,Port Jose,69070,lisa.campbell@example.com,0102767478
540,370,Heather Ortiz,Benjamin Parks 177,Lake Sarah,43833,heather.ortiz@example.com,0258001061
541,371,Adam Davis,Mary Skyway 176,Hernandezland,67571,adam.davis@example.com,0753443009
542,371,Adam Davis,Mary Skyway 176,Hernandezland,67571,adam.davis@example.com,0753443009
543,372,Nathaniel Conway,Stephen Hill 29,Stevenville,23399,nathaniel.conway@example.com,0244717465
544,372,Nbthaniel Conway,Stephen Hill 29,Stevenville,23399,nathaniel.conway@example.co,0244717465
545,373,Sarah Ward,Simmons Crescent 37,Port Katherineton,01768,sarah.ward@example.com,0863917410
546,373,aSrah Wrd,Simmons Crescent 37,Port Katherineton,01768,sarah.wad@example.com,0863916410
547,373,Sarah Ward,Simmons Crecsen 37,Port Katherineton,01768,sarah.ward@example.com,0863917410
548,374,Mary Jackson,Kline Road 166,Natalieland,49341,mary.jackson@example.com,0158517432
549,375,Catherine Morales,Nelson Lights 99,Marshburgh,15319,catherine.morales@example.com,0346157173
550,375,CatherioeM orales,Nelson Lights 99,arshcurgh,15319,catherine.morales@example.com,0346157173
551,376,Nicholas Jarvis,Dale Ramp 134,Phammouth,24259,nicholas.jarvis@example.com,0782931027
552,377,Peggy Carr,Timothy Oval 121,South Scottland,34791,peggy.carr@example.com,0903202041
553,378,Alexandria Oneill,Tiffany Skyway 44,Aprilville,57235,alexandria.oneill@example.com,0911179931
554,379,Danielle Reed,Hernandez Views 110,North Dawnburgh,66766,danielle.reed@example.com,0565198253
555,380,Sarah Booth,Karen Islands 152,West Tara,07100,sarah.booth@example.com,0251142625
556,381,Krista Gray,Christian Mills 113,Millerfort,59099,krista.gray@example.com,0390219620
557,382,William Mcgee,Curtis Loop 21,New Andrealand,79695,william.mcgee@example.com,0002194672
558,382,William Mcgee,Cutis Loop 21,New Andrealand,79695,william.mcgee@example.com,0002164672
559,382,Wilmiam cgee,Curtis Loop 21,New Andrealand,79695,william.mcgee@example.com,0002194672
560,383,Marcia Wu,Diamond Motorway 54,Michaelton,29719,marcia.wu@example.com,0403127722
561,384,Evelyn Saunders,Moran Lakes 12,Wilsonbury,00788,evelyn.saunders@example.com,0054364597
562,384,Evelyn Suandrs,Morbn Lakes 12,Wilsonbury,00788,evelyn.saunders@example.com,0054364597
563,385,Ronald Brandt,Kelley Landing 84,North Pennyfort,18909,ronald.brandt@example.com,0315313636
564,386,Natalie Ortiz,Carr Field 19,Port Philipmouth,25480,natalie.ortiz@example.com,0797062397
565,386,Natale Ortjz,Cars Fiel 19,Port Philipmouth,25480,natalie.ortiz@example.com,0797062397
566,386,Nataie Ortiz,Carr Field 19,Port Philipmouth,25480,natalie.ortiz@example.co,0799062397
567,387,Ashley Perry,Kelsey Mission 122,Barretthaven,18148,ashley.perry@example.com,0740633569
568,387,Ashley Perry,Kelsey Mission 122,Barretthaven,18148,ashley.perry@example.com,0740633369
569,388,April Fitzgerald,Roberson Orchard 22,Lake Beth,96248,april.fitzgerald@example.com,0806325431
570,388,April Fitzgeramd,Roberson Orcahsd 22,Lake Beth,96248,april.fitzgerald@example.com,0806325431
571,388,April Fitzgerald,Roberson Orchard 22,Lake Beth,96248,april.fitzgerald@example.com,0806325431
572,389,Ashley Sandoval,Gordon Lights 54,Pettybury,36361,ashley.sandoval@example.com,0195085016
573,390,Grant Phillips,Devon Rapids 159,Meganside,41645,grant.phillips@example.com,0055281832
574,391,Taylor Chen,Jason Station 62,Glendaberg,93614,taylor.chen@example.com,0817933554
575,392,Tina Gordon,Page Trace 109,Annashire,75295,tina.gordon@example.com,0401557788
576,393,Michelle Craig,Rich Manors 121,New Danielfurt,19549,michelle.craig@example.com,0884795137
577,393,Michelle Craig,Rih Manors 121,New Danielfurt,19549,michelle.craig@example.com,0884795137
578,393,Michelle Csaig,Ric hManors 121,New Danielfurt,19549,michellecraig@example.com,0884795137
579,394,Anthony Adams,Tonya Springs 88,Dwayneton,91018,anthony.adams@example.com,0579887749
580,394,Anthpy Adams,Tonya Sprins 88,Dwayneto,91018,anthony.adams@example.com,0579887749
581,394,Antioy Adams,Tonya Sprinsg 88,Dwayneton,91018,anthony.adams@example.com,0579887749
582,395,Christina Weaver,Cervantes Cove 96,Lake Deborah,51473,christina.weaver@example.com,0782841067
583,396,Richard Lindsey,Schwartz Causeway 118,Hughesmouth,72869,richard.lindsey@example.com,0520885474
584,397,Patrick Harris,Greer Roads 194,Kariside,97291,patrick.harris@example.com,0929751702
585,398,Patty Brandt,Cole Springs 30,East Sydneyhaven,16144,patty.brandt@example.com,0406937515
586,398,Ptat Brandt,Cole Springs 30,East Sydneyhaven,16144,patty.brandt@example.com,0406937515
587,399,Jeffrey Hawkins,Eugene Vista 82,Adammouth,93521,jeffrey.hawkins@example.com,0998056265
588,400,Amanda Mcfarland,Kim Road 4,Tracyshire,72611,amanda.mcfarland@example.com,0455478137
589,401,Richard Stewart,Susan Pike 107,Port Williamchester,71683,richard.stewart@example.com,0742662991
590,401,Richard Stewart,Susan iPkf 107,Port Williamchester,71683,richard.stewart@example.com,0742662991
591,401,Richard Stewart,Susan Pike 107,Port Williamchester,71683,richard.stewart@example.com,0742662991
592,402,Anna Walker,Elizabeth Isle 119,Kellyhaven,62741,anna.walker@example.com,0300244714
593,403,Samantha Zavala MD,Griffin Row 126,North Felicia,42566,samantha.zavala.md@example.com,0301471959
594,404,Robert Wilson,Fernandez Haven 112,New Lynnstad,67912,robert.wilson@example.com,0471589042
595,405,Jill Williams,Luke Corner 38,East Teresaside,70389,jill.williams@example.com,0572520456
596,406,Austin Santiago,Michelle Manors 92,East Amandachester,85247,austin.santiago@example.com,0044818321
597,407,Andrea Parks,Stephen Isle 43,North Charlesburgh,33519,andrea.parks@example.com,0855445189
598,408,Laura Perez,Russell Mission 37,Hamiltontown,51553,laura.perez@example.com,0028457652
599,408,Laura Perez,Russell Mission 37,Hamiltontown,51553,laura.perez@example.com,0028457652
600,409,Kimberly May,Katelyn Prairie 20,Lake Melaniestad,66408,kimberly.may@example.com,0120754527
601,410,Richard Turner,Juan Mill 153,Fostertown,62627,richard.turner@example.com,0852401322
602,411,Daniel Francis,Choi Divide 79,Ericastad,01962,daniel.francis@example.com,0232161107
603,412,Kristen Martinez,Ashley Lock 11,West Jasonstad,28253,kristen.martinez@example.com,0310890714
604,412,Kristen Martinez,AsheyL ock 11,West Jasonstad,28253,kristen.martinez@example.com,0310890715
605,412,Kristen Martinez,Ashley Lokc 11,West Jasonstad,28253,kristen.martinez@example.com,0380890714
606,413,Matthew Hunt,Jack Ridges 2,Jamesburgh,88447,matthew.hunt@example.com,0138759271
607,413,Matthew Hunt,Jack Ridges 2,Jamesburgh,88447,matthew.hunt@example.com,0138759271
608,413,Matthew Hunt,JackRieges 2,Jamesburgh,88447,matthew.hunt@example.com,0138759271
609,414,Sarah York,Newman Cliffs 142,Emilyview,13372,sarah.york@example.com,0646317520
610,415,Kevin Lynn,Anderson Shoal 126,North Justin,09650,kevin.lynn@example.com,0167811266
611,416,Emily Hayes,Steele Drives 27,Lindseychester,22604,emily.hayes@example.com,0215353961
612,416,Emily Hayes,Steele Drives 27,Lindseychester,22604,emily.hayes@example.com,0215353961
613,416,Emily Hayes,Steele Dives 27,Lindseychester,22604,mily.hayes@example.com,0215353961
614,417,David Walker,Hill Lake 7,Lake Jessica,63409,david.walker@example.com,0269524991
615,418,Ian Torres,Gregory Rest 170,Port Juanberg,71098,ian.torres@example.com,0877347784
616,419,Nicholas Sims,Patricia Vista 139,Port Bonniefurt,77838,nicholas.sims@example.com,0800616756
617,420,Andrew Green,Valdez Drive 10,Philipshire,96606,andrew.green@example.com,0028427624
618,421,Brandi Mason,Randy Parkway 125,Lake Johnburgh,99749,brandi.mason@example.com,0197889778
619,422,Jill White,Jill Orchard 130,Billyfort,30876,jill.white@example.com,0064796954
620,423,Jacob Williams,April Turnpike 8,Paulmouth,06587,jacob.williams@example.com,0902559056
621,423,Jacbo Williams,April Turopike 8,Paulmouth,06587,jacob.williams@example.com,0902559056
622,423,Jacob Willams,April Turnpike 8,Paulmouth,06587,jacob.williams@example.com,0902559056
623,424,Matthew Garcia,Davenport Greens 83,South Desiree,48381,matthew.garcia@example.com,0917135785
624,424,Matthew Garcia,Davenport Greens 83,South Desiree,48381,matthew.garcia@example.com,0917135785
625,424,Matthew Garica,Davenport Greens 83,South Desiree,48381,matthew.garcia@example.com,0917135785
626,425,Stephanie Miller,Bennett Fork 136,Gomezstad,64314,stephanie.miller@example.com,0763514846
627,426,Stacy Smith,Scott Forks 81,New Dawnborough,20193,stacy.smith@example.com,0366498782
628,427,Jack Love,Donna Mall 161,Jenniferfort,89004,jack.love@example.com,0829737489
629,428,Daniel Martin,Johnson Cape 112,New Brittany,18159,daniel.martin@example.com,0908357232
630,429,Amanda Armstrong,Gabriel Falls 196,Greeneshire,84075,amanda.armstrong@example.com,0466513644
631,430,Nathan Stanley,Valentine Forge 66,Obrienfort,63634,nathan.stanley@example.com,0936312303
632,431,Ronald Burke,Cindy Pass 80,Garymouth,59938,ronald.burke@example.com,0778660324
633,431,Ronald Burke,Cindy Pass 0,Garymouth,59938,ronald.buke@example.co,0778660324
634,431,Ronald Burke,Cindy Pass 80,Garymouth,59938,ronald.burke@example.com,0778660324
635,432,Andrea Gray,Daniel Flats 129,Serranoville,23756,andrea.gray@example.com,0189847139
636,432,Andrea Grby,Dnaiel Flats 129,Serranoville,23756,andra.gray@example.com,0189847139
637,432,Andrea Gary,Daniel Flats 129,Serranoville,23756,andre.gray@example.com,0189847139
638,433,Lucas Williams,Christopher Shoals 156,New Amber,00658,lucas.williams@example.com,0003486451
639,434,Patricia Banks,Wood Cape 61,Perezfort,50470,patricia.banks@example.com,0760644134
640,434,Patricia Banks,Wood Cape 61,Perezfort,50470,patrica.banks@example.com,0760644134
641,435,Robert Velez,Ronald Glens 109,Cannonland,37629,robert.velez@example.com,0124815698
642,436,Kimberly Scott,Jenna Turnpike 117,New Alexandrahaven,01443,kimberly.scott@example.com,0002720634
643,437,Daniel Brock,Cox Drives 22,Pearsonview,34750,daniel.brock@example.com,0123829657
644,438,Jessica Diaz,Braun Locks 189,South Andrea,73581,jessica.diaz@example.com,0242954316
645,439,Mr. Justin King,Lane Trail 101,Fitzgeraldville,98518,mr.justin.king@example.com,0693008931
646,440,Richard Avery,Jason Locks 51,Laurenton,21569,richard.avery@example.com,0420696942
647,440,Richard Awey,Jason Locks 51,Laurenton,21569,richard.avery@example.com,0420696942
648,440,Richard Avery,Jason Locks 51,Laurenton,21569,richard.avery@example.com,0466696942
649,441,Mark Brock,Thomas Rapid 38,Davisview,29568,mark.brock@example.com,0044397359
650,442,Lee Ramsey,Mendez Pike 118,Jenniferton,23474,lee.ramsey@example.com,0107256366
651,443,Jessica Harris,Lee Tunnel 66,New Gavin,05227,jessica.harris@example.com,0118005375
652,444,Matthew Cantrell,Wendy Tunnel 172,Gomezfurt,53644,matthew.cantrell@example.com,0900489646
653,445,Kelly Mclaughlin,Samantha Plaza 34,Jessicaside,76907,kelly.mclaughlin@example.com,0809242875
654,446,Victor Hill,Shawn Lodge 34,West Gregoryhaven,14455,victor.hill@example.com,0158624150
655,447,Kathy Morgan,Leah Glens 128,Heatherfurt,74316,kathy.morgan@example.com,0456449485
656,448,Mr. Gerald Rowe,Mosley Wall 43,South Darrenland,50658,mr.gerald.rowe@example.com,0572870320
657,448,Mr. Gerld Rowe,Mosle yWall 43,South Darrelnand,50658,m.gerald.rowe@example.co,0572870320
658,449,Wendy Rhodes,Lauren Loop 44,Zacharytown,92358,wendy.rhodes@example.com,0849939089
659,449,Wendy Riodes,Laure nLooq 44,Zacharytown,92358,wendy.rhodes@example.co,0849939089
660,450,Danielle Davis,Jones Fall 182,Edwardsborough,75698,danielle.davis@example.com,0774905097
661,451,Travis Vega,Victor Flats 188,Lake John,35288,travis.vega@example.com,0923045018
662,452,Dale Wright,Moore Coves 98,North Emmafort,80956,dale.wright@example.com,0164236103
663,452,DaleWrighu,Moore Coves 98,North Emmafort,80956,dale.wright@example.com,0164236103
664,452,Dale Wright,Moore Coves 98,North Emmafort,80956,dale.wright@example.com,0164236103
665,453,Scott Rubio,Watson Island 110,Villanuevashire,36510,scott.rubio@example.com,0108573278
666,454,William Moon IV,Karen Crossroad 135,New Laurenfort,71380,william.moon.iv@example.com,0147617422
667,455,Gregory Dalton,Stephen Crest 77,Stewarttown,02050,gregory.dalton@example.com,0386490810
668,456,Jamie Garcia,Salazar Green 131,New Jose,35812,jamie.garcia@example.com,0661794549
669,456,Jamie Garcja,Salazar Green131,New Jose,35812,jamie.garcia@example.com,0661794549
670,457,Louis Diaz,Coleman Manor 172,Michaelfurt,37152,louis.diaz@example.com,0794523219
671,457,Loius iaz,Coleman Manor 172,Michaelfurt,37152,louis.diaz@example.com,0794163219
672,458,Kenneth Krause,Lisa Stravenue 33,Lindaside,57152,kenneth.krause@example.com,0203103037
673,459,Christina Marsh,Thomas Branch 167,South Victor,83161,christina.marsh@example.com,0368314727
674,460,Michelle Floyd,King Walks 30,South Coreyburgh,08370,michelle.floyd@example.com,0227770793
675,460,nichelle Floy,King Walks 30,South Coreyburgh,08370,michelle.floyd@example.com,0227770793
676,460,Michelle Floyd,King Walks 30,South Coreyburgh,08370,michele.floyd@example.com,0227770793
677,461,David Combs,Shannon Isle 69,Michaelside,73572,david.combs@example.com,0671795760
678,461,David Combs,Shannon Isle 69,Michaelside,73572,davi.combs@example.com,0671795760
679,462,Deanna Smith,Michael Springs 107,New Barbara,85583,deanna.smith@example.com,0572934172
680,462,DeannaSmith,iMchael Springs 17,New Barbara,85583,deanna.smith@example.com,0572934172
681,463,Veronica Mitchell,Nunez Oval 45,Prestonfurt,80935,veronica.mitchell@example.com,0801561931
682,464,Mark Thomas,Danielle Junction 125,Welchshire,53555,mark.thomas@example.com,0455084289
683,465,Andrea Martin,Lawrence Shoal 181,Jenniferfurt,36054,andrea.martin@example.com,0077119918
684,465,Aodrea Martin,Lawrence thoal 181,Jenniferfurt,36054,andre.martin@example.com,0077119918
685,466,Priscilla Mcmillan,Gutierrez Ferry 52,East Jessicaview,98002,priscilla.mcmillan@example.com,0760375482
686,466,Priscilla Mcmillan,Gutierrez Feryr 52,East Jessicaview,98002,priscilla.mcmillan@example.com,0760375482
687,466,Priscilla Mcmillan,Gutifrrez Ferry 52,East Jessicaview,98002,priscilla.mcmillan@example.com,0760375482
688,467,Angela Jackson,Cody Wells 103,Kelleytown,52538,angela.jackson@example.com,0260602908
689,468,Whitney Garcia,Christopher Loaf 108,Jeromeport,58586,whitney.garcia@example.com,0684550489
690,469,Bonnie Roberson,Austin Knolls 180,Michellemouth,71356,bonnie.roberson@example.com,0673899756
691,470,Kimberly Taylor,Brittany Motorway 78,Millsside,41088,kimberly.taylor@example.com,0108562884
692,470,iKmberly Taylor,Brittany Motorway 78,Millsside,41088,kimberly.taylor@example.com,0108562884
693,470,Kimberly Taylor,Brittany Motorwaz 78,Millsside,41088,kimberly.taylor@example.com,0108562884
694,471,Karen Perez,Scott Lakes 87,Greenport,01884,karen.perez@example.com,0399893544
695,472,Robert Charles,Mitchell Place 184,Lake Sandrafort,39771,robert.charles@example.com,0926831589
696,472,RobertCharles,Mjtchell Place 184,Lake Sandrafort,39771,robert.charles@example.com,0926831589
697,472,Robert Charles,Mitchell Place 184,Lake Sandrafort,39771,robert.charles@example.com,0926831589
698,473,Jeffrey Carter,Laura Plaza 130,Jacobside,57793,jeffrey.carter@example.com,0277288137
699,474,Christopher Mclaughlin,Clayton Forges 192,Christianbury,68214,christopher.mclaughlin@example.com,0285196115
700,475,Susan Aguirre,Mitchell Summit 11,Robertland,24409,susan.aguirre@example.com,0821545447
701,475,Susan Agujrre,Mitchell tummit11,Robertland,24409,susan.aguirre@example.com,0821545447
702,476,Brian Gibson,Nelson Road 80,Lopeztown,20443,brian.gibson@example.com,0975679228
703,477,Joseph Lopez,Julian Crossroad 195,Acostabury,12323,joseph.lopez@example.com,0772519966
704,477,koseph Lopez,Julian Crossroad 195,Acostabury,12323,joseph.lopez@example.com,0872819966
705,477,Joseph Loqez,Julian Crossroad 195,Acostabury,12323,joseph.lopez@example.com,0772519966
706,478,Johnny Peterson,Floyd Parks 137,Steventon,43787,johnny.peterson@example.com,0204339718
707,479,Paul Thomas,Rowe Cliffs 103,Whiteview,50515,paul.thomas@example.com,0907056260
708,480,Barbara Tate,Paul Mills 82,Lake Virginia,26607,barbara.tate@example.com,0641118242
709,480,Barbabr Tate,Palu Mlls 82,Lake Virginia,26607,barbara.tate@example.com,0641118242
710,481,Ray Boyd,Thomas Springs 31,Sharonburgh,82966,ray.boyd@example.com,0033993788
711,482,Natasha Dunn,Jon Route 30,Jameston,87886,natasha.dunn@example.com,0405786170
712,483,Brian Chen,Smith Underpass 60,Brendafurt,32363,brian.chen@example.com,0048913824
713,484,Andrew Logan,Barker Drives 115,Kellibury,21170,andrew.logan@example.com,0183258238
714,485,Mr. George Booker DDS,Brian Rue 143,Lake Amanda,14577,mr.george.booker.dds@example.com,0700794200
715,486,David Holden,Trujillo Mill 124,North Hannah,47446,david.holden@example.com,0494653984
716,486,David iolden,Trujillo Mill 124,North Hannah,47446,david.holden@example.com,0494643484
717,487,Danielle Williams,Hansen Plains 63,Lopezburgh,71754,danielle.williams@example.com,0553795020
718,488,Nicholas Hill,Casey Drives 2,Phillipsview,71490,nicholas.hill@example.com,0026876811
719,489,Aaron Little,Gross Brook 172,Kimberlybury,42535,aaron.little@example.com,0715695620
720,489,aAron Little,Gross Brook 172,Kimberlybury,42535,aaron.little@example.com,0715695620
721,489,Aaron Ltitle,Gross Brook 172,Kimbrlybury,42535,aaron.little@example.com,0715695620
722,490,Mary Ryan,Lee Springs 169,Cannonberg,80853,mary.ryan@example.com,0999219212
723,490,Mary Ryan,Lee Springs169,Cannonberg,80853,mary.ryan@example.com,0999219212
724,491,Jason Morris,Alexandra Cliff 110,Port Sharonburgh,04600,jason.morris@example.com,0056641877
725,492,John Garcia,Barrett Pine 195,Brandonbury,79924,john.garcia@example.com,0030468750
726,493,Alexis Mccall,Hebert Village 86,South Laurieton,47808,alexis.mccall@example.com,0190361332
727,494,Teresa Perry,Bauer Centers 17,Allisonland,40334,teresa.perry@example.com,0107609543
728,494,Teresa Perry,Baer Centers 17,Allisonland,40334,teresa.perry@example.com,0107609543
729,495,Daniel Stone,Jessica Place 16,Lopezhaven,86599,daniel.stone@example.com,0065120704
730,496,Mario White,Reese Trafficway 111,Emilychester,14145,mario.white@example.com,0110804661
731,497,Christopher Morales,Sandoval Place 106,Mahoneymouth,72601,christopher.morales@example.com,0399076769
732,498,Erika Watson PhD,Mckenzie Islands 87,New Amy,49661,erika.watson.phd@example.com,0078593110
733,499,Tammy King,West Locks 18,Lake Austinport,78588,tammy.king@example.com,0939284567
734,500,Chad Zamora,Kevin Forges 114,Port Leslie,90903,chad.zamora@example.com,0232002496
